image_name,x,y,z,heading_rad,label
000001.png,-0.9167,-0.3105,0.0031,1.4091,crossroad
000002.png,-0.9167,-0.3101,0.0031,1.8126,crossroad
000003.png,-0.9167,-0.3101,0.0031,2.1534,crossroad
000004.png,-0.9166,-0.3101,0.0031,2.4899,crossroad
000005.png,-0.9163,-0.3103,0.0031,2.8185,crossroad
000006.png,-0.916,-0.3104,0.0031,3.1387,crossroad
000007.png,-0.916,-0.3104,0.0031,-2.8324,crossroad
000008.png,-0.9162,-0.3105,0.0031,-2.529,crossroad
000009.png,-0.9162,-0.3105,0.0031,-2.2319,crossroad
000010.png,-0.9162,-0.3105,0.0031,-1.9376,crossroad
000011.png,-0.9163,-0.3109,0.0031,-1.6433,crossroad
000012.png,-0.9163,-0.3113,0.0031,-1.2873,crossroad
000013.png,-0.916,-0.3119,0.0031,-0.9911,crossroad
000014.png,-0.9158,-0.3121,0.0031,-0.6941,crossroad
000015.png,-0.9152,-0.3125,0.0031,-0.3981,crossroad
000016.png,-0.9148,-0.3126,0.0031,-0.0988,crossroad
000017.png,-0.9152,-0.3126,0.0031,0.2018,crossroad
000018.png,-0.9153,-0.3126,0.0031,0.5008,crossroad
000019.png,-0.9151,-0.3125,0.0031,0.7976,crossroad
000020.png,-0.9147,-0.312,0.0031,1.0902,crossroad
000021.png,-0.9146,-0.3117,0.0031,1.3869,crossroad
000022.png,-0.9146,-0.3109,0.0031,1.7446,crossroad
000023.png,-0.9148,-0.3102,0.0031,2.0432,crossroad
000024.png,-0.9151,-0.3097,0.0031,2.3407,crossroad
000025.png,-0.9149,-0.3098,0.0031,2.6387,crossroad
000026.png,-0.9145,-0.31,0.0031,2.9383,crossroad
000027.png,-0.9143,-0.31,0.0031,-3.0465,crossroad
000028.png,-0.9143,-0.31,0.0031,-2.7501,crossroad
000029.png,-0.9145,-0.3101,0.0031,-2.454,crossroad
000030.png,-0.9146,-0.3102,0.0031,-2.1609,crossroad
000031.png,-0.9146,-0.3102,0.0031,-1.8655,crossroad
000032.png,-0.9145,-0.3097,0.0031,-1.5117,crossroad
000033.png,-0.9145,-0.3097,0.0031,-1.2179,crossroad
000034.png,-0.9146,-0.3095,0.0031,-0.9232,crossroad
000035.png,-0.9149,-0.3092,0.0031,-0.6249,crossroad
000036.png,-0.9147,-0.3093,0.0031,-0.324,crossroad
000037.png,-0.9144,-0.3093,0.0031,-0.0254,crossroad
000038.png,-0.9141,-0.3093,0.0031,0.2715,crossroad
000039.png,-0.9138,-0.3091,0.0031,0.5696,crossroad
000040.png,-0.9131,-0.3086,0.0031,0.8649,crossroad
000041.png,-0.9131,-0.3087,0.0031,1.16,crossroad
000042.png,-0.9132,-0.3092,0.0031,1.5703,crossroad
000043.png,-0.9132,-0.3099,0.0031,1.8619,crossroad
000044.png,-0.913,-0.3102,0.0031,2.1543,crossroad
000045.png,-0.9129,-0.3104,0.0031,2.4521,crossroad
000046.png,-0.913,-0.3103,0.0031,2.7485,crossroad
000047.png,-0.9136,-0.3102,0.0031,3.0441,crossroad
000048.png,-0.9137,-0.3102,0.0031,-2.9408,crossroad
000049.png,-0.9139,-0.3102,0.0031,-2.6399,crossroad
000050.png,-0.9142,-0.3104,0.0031,-2.3392,crossroad
000051.png,-0.9146,-0.3109,0.0031,-2.0413,crossroad
000052.png,-0.9148,-0.3117,0.0031,-1.6827,crossroad
000053.png,-0.9148,-0.312,0.0031,-1.3828,crossroad
000054.png,-0.9148,-0.3121,0.0031,-1.0861,crossroad
000055.png,-0.9148,-0.3121,0.0031,-0.7897,crossroad
000056.png,-0.9147,-0.3122,0.0031,-0.6103,crossroad
000057.png,-0.9151,-0.3119,0.0031,-0.6064,crossroad
000058.png,-0.9156,-0.3116,0.0031,-0.6024,crossroad
000059.png,-0.916,-0.3113,0.0031,-0.5985,crossroad
000060.png,-0.9164,-0.3111,0.0031,-0.5946,crossroad
000061.png,-0.9168,-0.3108,0.0031,-0.5636,crossroad
000062.png,-0.9139,-0.3125,0.0031,-0.5,crossroad
000063.png,-0.9101,-0.3144,0.0031,-0.376,crossroad
000064.png,-0.9097,-0.3145,0.0031,-0.362,crossroad
000065.png,-0.9093,-0.3147,0.0031,-0.3476,crossroad
000066.png,-0.9089,-0.3148,0.0031,-0.3332,crossroad
000067.png,-0.9085,-0.315,0.0031,-0.3187,crossroad
000068.png,-0.9081,-0.3151,0.0031,-0.3043,crossroad
000069.png,-0.9076,-0.3152,0.0031,-0.287,crossroad
000070.png,-0.9074,-0.3153,0.0031,-0.2664,crossroad
000071.png,-0.9076,-0.3152,0.0031,-0.2112,crossroad
000072.png,-0.9079,-0.3152,0.0031,-0.1654,crossroad
000073.png,-0.9084,-0.3151,0.0031,-0.1522,crossroad
000074.png,-0.9089,-0.315,0.0031,-0.1391,crossroad
000075.png,-0.9095,-0.315,0.0031,-0.1259,crossroad
000076.png,-0.9089,-0.315,0.0031,-0.1181,crossroad
000077.png,-0.9051,-0.3155,0.0031,-0.1274,crossroad
000078.png,-0.8947,-0.317,0.0031,-0.1582,crossroad
000079.png,-0.2944,-0.3182,0.0031,0.0485,crossroad
000080.png,-0.2928,-0.3181,0.0031,0.0477,crossroad
000081.png,-0.293,-0.3179,0.0031,0.0286,crossroad
000082.png,-0.2947,-0.3173,0.0031,0.0494,crossroad
000083.png,-0.2998,-0.2933,0.0031,1.7172,crossroad
000084.png,-0.907,0.3035,0.0031,0.3028,crossroad
000085.png,-0.8867,0.3098,0.0031,0.2976,crossroad
000086.png,-0.9015,0.3063,0.0031,0.2746,crossroad
000087.png,-0.9139,0.3028,0.0031,0.2733,crossroad
000088.png,-0.9196,0.3011,0.0031,0.2684,crossroad
000089.png,-0.9065,0.3047,0.0031,0.2694,crossroad
000090.png,-0.8871,0.31,0.0031,0.2659,crossroad
000091.png,-0.3038,-0.3125,0.0031,-0.0499,crossroad
000092.png,0.3113,-0.2967,0.0031,0.0538,crossroad
000093.png,1.4882,-0.3075,0.0031,0.0233,t_junction
000094.png,1.493,-0.3071,0.0031,0.3823,t_junction
000095.png,1.5166,-0.2973,0.0031,0.3223,t_junction
000096.png,1.4851,-0.308,0.0031,0.3361,t_junction
000097.png,-0.2891,-1.5064,0.0031,3.1202,t_junction
000098.png,-1.4898,-0.3016,0.0031,1.3724,t_junction
000099.png,-1.5042,0.3069,0.0031,1.6157,t_junction
000100.png,-0.3065,-1.4812,0.0031,3.1293,t_junction
000101.png,-0.8894,-0.3136,0.0031,2.3602,crossroad
000102.png,-0.283,-0.2915,0.0031,3.0079,crossroad
000103.png,-0.2852,-0.2912,0.0031,2.9937,crossroad
000104.png,-0.2874,-0.2908,0.0031,2.9794,crossroad
000105.png,-0.2895,-0.2905,0.0031,2.9652,crossroad
000106.png,-0.2917,-0.2901,0.0031,2.951,crossroad
000107.png,-0.2943,-0.2895,0.0031,2.934,crossroad
000108.png,-0.2964,-0.2891,0.0031,2.9197,crossroad
000109.png,-0.2986,-0.2886,0.0031,2.9055,crossroad
000110.png,-0.3007,-0.2881,0.0031,2.8913,crossroad
000111.png,-0.3028,-0.2875,0.0031,2.8771,crossroad
000112.png,-0.3049,-0.2869,0.0031,2.8629,crossroad
000113.png,-0.307,-0.2863,0.0031,2.8487,crossroad
000114.png,-0.3091,-0.2857,0.0031,2.8345,crossroad
000115.png,-0.3112,-0.285,0.0031,2.8202,crossroad
000116.png,-0.3085,-0.2891,0.0031,2.6653,crossroad
000117.png,-0.3075,-0.2896,0.0031,2.6657,crossroad
000118.png,-0.3065,-0.2901,0.0031,2.6662,crossroad
000119.png,-0.3055,-0.2906,0.0031,2.6666,crossroad
000120.png,-0.3045,-0.2911,0.0031,2.6671,crossroad
000121.png,-0.3048,-0.291,0.0031,2.6598,crossroad
000122.png,-0.3067,-0.2899,0.0031,2.6281,crossroad
000123.png,-0.3097,-0.2882,0.0031,2.5659,crossroad
000124.png,-0.3127,-0.2861,0.0031,2.4639,crossroad
000125.png,-0.9013,-0.3185,0.0031,-0.2459,crossroad
000126.png,-0.3007,0.8992,0.0031,-1.8066,crossroad
000127.png,-1.4851,-0.2953,0.0031,-0.0451,t_junction
000128.png,-1.4887,-0.2952,0.0031,-0.0426,t_junction
000129.png,-1.4924,-0.295,0.0031,-0.0402,t_junction
000130.png,-1.496,-0.2949,0.0031,-0.0378,t_junction
000131.png,-1.4997,-0.2947,0.0031,-0.0353,t_junction
000132.png,-1.5033,-0.2946,0.0031,-0.0329,t_junction
000133.png,-1.507,-0.2945,0.0031,-0.0305,t_junction
000134.png,-1.5106,-0.2944,0.0031,-0.028,t_junction
000135.png,-1.5143,-0.2943,0.0031,-0.0256,t_junction
000136.png,-1.5186,-0.2942,0.0031,-0.0227,t_junction
000137.png,-1.5104,-0.3042,0.0031,-0.455,t_junction
000138.png,-1.4897,-0.3143,0.0031,-0.4591,t_junction
000139.png,-1.5023,-0.308,0.0031,-0.4582,t_junction
000140.png,-1.5102,-0.3041,0.0031,-0.4581,t_junction
000141.png,-1.511,-0.3037,0.0031,-0.4606,t_junction
000142.png,-1.5119,-0.3033,0.0031,-0.4632,t_junction
000143.png,-1.5127,-0.3028,0.0031,-0.4658,t_junction
000144.png,-1.5132,-0.3026,0.0031,-0.4661,t_junction
000145.png,-1.5123,-0.3031,0.0031,-0.4446,t_junction
000146.png,-1.5102,-0.304,0.0031,-0.3726,t_junction
000147.png,-1.5083,-0.3047,0.0031,-0.265,t_junction
000148.png,-1.5079,-0.3048,0.0031,-0.2488,t_junction
000149.png,-1.5075,-0.3049,0.0031,-0.2324,t_junction
000150.png,-1.507,-0.305,0.0031,-0.2159,t_junction
000151.png,-1.5066,-0.305,0.0031,-0.1995,t_junction
000152.png,-1.5062,-0.3051,0.0031,-0.183,t_junction
000153.png,-1.5058,-0.3052,0.0031,-0.1666,t_junction
000154.png,-1.5053,-0.3053,0.0031,-0.1468,t_junction
000155.png,-1.5048,-0.3053,0.0031,-0.1304,t_junction
000156.png,-1.5044,-0.3054,0.0031,-0.1139,t_junction
000157.png,-1.504,-0.3054,0.0031,-0.0975,t_junction
000158.png,-1.5036,-0.3055,0.0031,-0.081,t_junction
000159.png,-1.5031,-0.3055,0.0031,-0.0646,t_junction
000160.png,-1.5027,-0.3055,0.0031,-0.0481,t_junction
000161.png,-1.5023,-0.3056,0.0031,-0.0317,t_junction
000162.png,-1.5018,-0.3056,0.0031,-0.0152,t_junction
000163.png,-1.5014,-0.3056,0.0031,0.0012,t_junction
000164.png,-1.5009,-0.3056,0.0031,0.021,t_junction
000165.png,-1.5005,-0.3056,0.0031,0.0374,t_junction
000166.png,-1.5,-0.3055,0.0031,0.0539,t_junction
000167.png,-1.4996,-0.3055,0.0031,0.0703,t_junction
000168.png,-1.4992,-0.3055,0.0031,0.0868,t_junction
000169.png,-1.4987,-0.3054,0.0031,0.1032,t_junction
000170.png,-1.4983,-0.3054,0.0031,0.1197,t_junction
000171.png,-1.4979,-0.3053,0.0031,0.1361,t_junction
000172.png,-1.4975,-0.3053,0.0031,0.1526,t_junction
000173.png,-1.497,-0.3052,0.0031,0.169,t_junction
000174.png,-1.4965,-0.3051,0.0031,0.1888,t_junction
000175.png,-1.4961,-0.305,0.0031,0.2052,t_junction
000176.png,-1.4957,-0.3049,0.0031,0.2217,t_junction
000177.png,-1.4953,-0.3048,0.0031,0.2381,t_junction
000178.png,-1.4949,-0.3047,0.0031,0.2546,t_junction
000179.png,-1.4944,-0.3046,0.0031,0.271,t_junction
000180.png,-1.494,-0.3045,0.0031,0.2875,t_junction
000181.png,-1.4936,-0.3044,0.0031,0.3039,t_junction
000182.png,-1.4932,-0.3043,0.0031,0.3204,t_junction
000183.png,-1.4928,-0.3041,0.0031,0.3368,t_junction
000184.png,-1.4923,-0.3039,0.0031,0.3566,t_junction
000185.png,-1.4919,-0.3038,0.0031,0.373,t_junction
000186.png,-1.492,-0.3038,0.0031,0.3936,t_junction
000187.png,-1.4916,-0.3036,0.0031,0.4217,t_junction
000188.png,-1.4911,-0.3034,0.0031,0.4653,t_junction
000189.png,-1.4897,-0.3027,0.0031,0.5216,t_junction
000190.png,-1.4878,-0.3015,0.0031,0.5934,t_junction
000191.png,-1.4866,-0.3007,0.0031,0.6423,t_junction
000192.png,-1.4868,-0.3008,0.0031,0.6432,t_junction
000193.png,-1.4869,-0.3009,0.0031,0.6442,t_junction
000194.png,-1.4871,-0.3011,0.0031,0.6455,t_junction
000195.png,-1.4873,-0.3012,0.0031,0.6465,t_junction
000196.png,-1.4874,-0.3013,0.0031,0.6474,t_junction
000197.png,-1.4876,-0.3014,0.0031,0.6484,t_junction
000198.png,-1.4873,-0.3012,0.0031,0.6532,t_junction
000199.png,-1.486,-0.3002,0.0031,0.6871,t_junction
000200.png,-1.4843,-0.2987,0.0031,0.7768,t_junction
000201.png,-1.4827,-0.2969,0.0031,0.9318,t_junction
000202.png,-1.4826,-0.2968,0.0031,0.9776,t_junction
000203.png,-1.4829,-0.2972,0.0031,0.9909,t_junction
000204.png,-1.4832,-0.2977,0.0031,1.0068,t_junction
000205.png,-1.4834,-0.2981,0.0031,1.02,t_junction
000206.png,-1.4837,-0.2985,0.0031,1.0332,t_junction
000207.png,-1.4839,-0.2989,0.0031,1.0465,t_junction
000208.png,-1.4841,-0.2993,0.0031,1.0597,t_junction
000209.png,-1.4844,-0.2997,0.0031,1.073,t_junction
000210.png,-1.4846,-0.3001,0.0031,1.0862,t_junction
000211.png,-1.4848,-0.3006,0.0031,1.0995,t_junction
000212.png,-1.485,-0.301,0.0031,1.1127,t_junction
000213.png,-1.4852,-0.3014,0.0031,1.126,t_junction
000214.png,-1.4849,-0.3008,0.0031,1.1495,t_junction
000215.png,-1.4849,-0.3006,0.0031,1.1535,t_junction
000216.png,-1.4848,-0.3006,0.0031,1.1551,t_junction
000217.png,-1.4848,-0.3006,0.0031,1.1551,t_junction
000218.png,-1.4848,-0.3006,0.0031,1.1551,t_junction
000219.png,-1.4847,-0.3002,0.0031,1.1587,t_junction
000220.png,-1.484,-0.2986,0.0031,1.1864,t_junction
000221.png,-1.4831,-0.2962,0.0031,1.2629,t_junction
000222.png,-1.4826,-0.2944,0.0031,1.375,t_junction
000223.png,-1.4826,-0.2945,0.0031,1.3896,t_junction
000224.png,-1.4826,-0.2946,0.0031,1.4101,t_junction
000225.png,-1.4827,-0.2947,0.0031,1.4247,t_junction
000226.png,-1.4827,-0.2948,0.0031,1.4393,t_junction
000227.png,-1.4827,-0.2949,0.0031,1.4539,t_junction
000228.png,-1.4827,-0.295,0.0031,1.4685,t_junction
000229.png,-1.4827,-0.2951,0.0031,1.4831,t_junction
000230.png,-1.4827,-0.2947,0.0031,1.4953,t_junction
000231.png,-1.4825,-0.292,0.0031,1.4966,t_junction
000232.png,-0.9275,-0.2982,0.0031,0.0392,crossroad
000233.png,-0.9243,-0.2981,0.0031,0.0399,crossroad
000234.png,-0.9216,-0.298,0.0031,0.0404,crossroad
000235.png,-0.9189,-0.2979,0.0031,0.0408,crossroad
000236.png,-0.9189,-0.2979,0.0031,0.0424,crossroad
000237.png,-0.9193,-0.2979,0.0031,0.041,crossroad
000238.png,-0.9198,-0.2979,0.0031,0.0397,crossroad
000239.png,-0.9203,-0.2979,0.0031,0.0383,crossroad
000240.png,-0.9207,-0.298,0.0031,0.037,crossroad
000241.png,-0.921,-0.298,0.0031,0.0362,crossroad
000242.png,-0.921,-0.298,0.0031,0.0362,crossroad
000243.png,-0.921,-0.298,0.0031,0.0362,crossroad
000244.png,-0.921,-0.298,0.0031,0.0362,crossroad
000245.png,-0.921,-0.298,0.0031,0.0362,crossroad
000246.png,-0.921,-0.298,0.0031,0.0362,crossroad
000247.png,-0.921,-0.298,0.0031,0.0362,crossroad
000248.png,-0.921,-0.298,0.0031,0.0362,crossroad
000249.png,-0.921,-0.298,0.0031,0.0362,crossroad
000250.png,-0.921,-0.298,0.0031,0.0362,crossroad
000251.png,-0.921,-0.298,0.0031,0.0362,crossroad
000252.png,-0.9208,-0.298,0.0031,0.0381,crossroad
000253.png,-0.9197,-0.2979,0.0031,0.0653,crossroad
000254.png,-0.9172,-0.2976,0.0031,0.1719,crossroad
000255.png,-0.9152,-0.2972,0.0031,0.2957,crossroad
000256.png,-0.9156,-0.2973,0.0031,0.3075,crossroad
000257.png,-0.916,-0.2974,0.0031,0.3194,crossroad
000258.png,-0.9163,-0.2976,0.0031,0.3313,crossroad
000259.png,-0.9167,-0.2977,0.0031,0.3432,crossroad
000260.png,-0.9171,-0.2978,0.0031,0.3551,crossroad
000261.png,-0.9174,-0.2979,0.0031,0.368,crossroad
000262.png,-0.9165,-0.2976,0.0031,0.4033,crossroad
000263.png,-0.9152,-0.297,0.0031,0.4891,crossroad
000264.png,-0.914,-0.2963,0.0031,0.6814,crossroad
000265.png,-0.9139,-0.2962,0.0031,0.9196,crossroad
000266.png,-0.9143,-0.2969,0.0031,1.2139,crossroad
000267.png,-0.9144,-0.297,0.0031,1.2876,crossroad
000268.png,-0.9144,-0.2969,0.0031,1.301,crossroad
000269.png,-0.9143,-0.2968,0.0031,1.3144,crossroad
000270.png,-0.9143,-0.2967,0.0031,1.3278,crossroad
000271.png,-0.9143,-0.2967,0.0031,1.3412,crossroad
000272.png,-0.9143,-0.2966,0.0031,1.3546,crossroad
000273.png,-0.9142,-0.2965,0.0031,1.368,crossroad
000274.png,-0.9142,-0.2964,0.0031,1.384,crossroad
000275.png,-0.9142,-0.2963,0.0031,1.3976,crossroad
000276.png,-0.9142,-0.2964,0.0031,1.4161,crossroad
000277.png,-0.9142,-0.296,0.0031,1.4533,crossroad
000278.png,-0.9141,-0.2947,0.0031,1.5148,crossroad
000279.png,-0.914,-0.2919,0.0031,1.5649,crossroad
000280.png,-0.914,-0.2909,0.0031,1.5703,crossroad
000281.png,-0.914,-0.2898,0.0031,1.5757,crossroad
000282.png,-0.914,-0.2887,0.0031,1.5811,crossroad
000283.png,-0.914,-0.2877,0.0031,1.5865,crossroad
000284.png,-0.9141,-0.2814,0.0031,1.5906,crossroad
000285.png,-0.915,0.2754,0.0031,1.4093,crossroad
000286.png,-0.9145,0.2788,0.0031,1.427,crossroad
000287.png,-0.9141,0.2817,0.0031,1.4418,crossroad
000288.png,-0.9137,0.2846,0.0031,1.4566,crossroad
000289.png,-0.9134,0.2874,0.0031,1.4713,crossroad
000290.png,-0.9131,0.2903,0.0031,1.4861,crossroad
000291.png,-0.9129,0.2932,0.0031,1.5009,crossroad
000292.png,-0.9127,0.2961,0.0031,1.5157,crossroad
000293.png,-0.9126,0.299,0.0031,1.5304,crossroad
000294.png,-0.9125,0.3019,0.0031,1.5452,crossroad
000295.png,-0.9124,0.3048,0.0031,1.56,crossroad
000296.png,-0.9124,0.3089,0.0031,1.5806,crossroad
000297.png,-0.9125,0.3118,0.0031,1.5954,crossroad
000298.png,-0.9125,0.3147,0.0031,1.6102,crossroad
000299.png,-0.9127,0.3176,0.0031,1.6249,crossroad
000300.png,-0.9129,0.3205,0.0031,1.6397,crossroad
000301.png,-0.9131,0.3234,0.0031,1.6545,crossroad
000302.png,-0.9133,0.3263,0.0031,1.6692,crossroad
000303.png,-0.9103,0.3121,0.0031,1.7315,crossroad
000304.png,-0.9101,0.3106,0.0031,1.7327,crossroad
000305.png,-0.9098,0.309,0.0031,1.734,crossroad
000306.png,-0.9095,0.3074,0.0031,1.7353,crossroad
000307.png,-0.9091,0.3051,0.0031,1.7371,crossroad
000308.png,-0.9089,0.3035,0.0031,1.7384,crossroad
000309.png,-0.9086,0.3018,0.0031,1.7397,crossroad
000310.png,-0.9083,0.3002,0.0031,1.741,crossroad
000311.png,-0.908,0.2986,0.0031,1.7423,crossroad
000312.png,-0.9078,0.297,0.0031,1.7437,crossroad
000313.png,-0.9075,0.2954,0.0031,1.745,crossroad
000314.png,-0.9072,0.2937,0.0031,1.7463,crossroad
000315.png,-0.9069,0.2921,0.0031,1.7476,crossroad
000316.png,-0.9066,0.2905,0.0031,1.7489,crossroad
000317.png,-0.9064,0.2892,0.0031,1.7473,crossroad
000318.png,-0.9067,0.2909,0.0031,1.7276,crossroad
000319.png,-0.9072,0.2946,0.0031,1.6679,crossroad
000320.png,-0.9074,0.2986,0.0031,1.5419,crossroad
000321.png,-0.9074,0.2985,0.0031,1.5252,crossroad
000322.png,-0.9074,0.2983,0.0031,1.5082,crossroad
000323.png,-0.9074,0.2982,0.0031,1.4911,crossroad
000324.png,-0.9074,0.298,0.0031,1.4741,crossroad
000325.png,-0.9074,0.2979,0.0031,1.4571,crossroad
000326.png,-0.9074,0.2979,0.0031,1.4356,crossroad
000327.png,-0.9072,0.2992,0.0031,1.38,crossroad
000328.png,-0.9068,0.301,0.0031,1.2714,crossroad
000329.png,-0.9062,0.3026,0.0031,1.0924,crossroad
000330.png,-0.9055,0.3037,0.0031,0.8416,crossroad
000331.png,-0.9053,0.3039,0.0031,0.5403,crossroad
000332.png,-0.9053,0.3039,0.0031,0.3402,crossroad
000333.png,-0.9058,0.3037,0.0031,0.3274,crossroad
000334.png,-0.9064,0.3036,0.0031,0.3146,crossroad
000335.png,-0.9067,0.3035,0.0031,0.3033,crossroad
000336.png,-0.9031,0.3046,0.0031,0.3107,crossroad
000337.png,-0.8889,0.3094,0.0031,0.3501,crossroad
000338.png,-0.3293,-0.3007,0.0031,0.0098,crossroad
000339.png,-0.2709,-0.3002,0.0031,0.0085,crossroad
000340.png,-0.3177,-0.9075,0.0031,0.8058,crossroad
000341.png,-0.3008,-0.8899,0.0031,0.8031,crossroad
000342.png,-0.2929,-0.8817,0.0031,0.8039,crossroad
000343.png,-0.2923,-0.8811,0.0031,0.8074,crossroad
000344.png,-0.2917,-0.8805,0.0031,0.8108,crossroad
000345.png,-0.2911,-0.8799,0.0031,0.8142,crossroad
000346.png,-0.2906,-0.8793,0.0031,0.8176,crossroad
000347.png,-0.2911,-0.8799,0.0031,0.8175,crossroad
000348.png,-0.2953,-0.8844,0.0031,0.8135,crossroad
000349.png,-0.3068,-0.8965,0.0031,0.8127,crossroad
000350.png,-0.3247,-0.9152,0.0031,0.8148,crossroad
000351.png,-0.3193,-0.9095,0.0031,0.8142,crossroad
000352.png,-0.319,-0.9091,0.0031,0.8139,crossroad
000353.png,-0.3186,-0.9088,0.0031,0.8136,crossroad
000354.png,-0.3183,-0.9084,0.0031,0.8133,crossroad
000355.png,-0.318,-0.908,0.0031,0.813,crossroad
000356.png,-0.3176,-0.9077,0.0031,0.8127,crossroad
000357.png,-0.3173,-0.9073,0.0031,0.8125,crossroad
000358.png,-0.3169,-0.9069,0.0031,0.8122,crossroad
000359.png,-0.3166,-0.9066,0.0031,0.8119,crossroad
000360.png,-0.3162,-0.9062,0.0031,0.8116,crossroad
000361.png,-0.3157,-0.9057,0.0031,0.8112,crossroad
000362.png,-0.3154,-0.9053,0.0031,0.8109,crossroad
000363.png,-0.3154,-0.9053,0.0031,0.8075,crossroad
000364.png,-0.3155,-0.9055,0.0031,0.7757,crossroad
000365.png,-0.3153,-0.9053,0.0031,0.6858,crossroad
000366.png,-0.3147,-0.9048,0.0031,0.5239,crossroad
000367.png,-0.3145,-0.9048,0.0031,0.3854,crossroad
000368.png,-0.315,-0.9049,0.0031,0.3641,crossroad
000369.png,-0.3155,-0.9051,0.0031,0.3428,crossroad
000370.png,-0.316,-0.9053,0.0031,0.3215,crossroad
000371.png,-0.3166,-0.9055,0.0031,0.296,crossroad
000372.png,-0.3171,-0.9056,0.0031,0.2747,crossroad
000373.png,-0.3176,-0.9058,0.0031,0.2534,crossroad
000374.png,-0.3179,-0.9058,0.0031,0.2291,crossroad
000375.png,-0.3163,-0.9055,0.0031,0.1673,crossroad
000376.png,-0.3144,-0.9053,0.0031,0.0388,crossroad
000377.png,-0.3118,-0.9054,0.0031,-0.1665,crossroad
000378.png,-0.3096,-0.906,0.0031,-0.4406,crossroad
000379.png,-0.3078,-0.9071,0.0031,-0.7563,crossroad
000380.png,-0.3066,-0.9086,0.0031,-1.0958,crossroad
000381.png,-0.3062,-0.9098,0.0031,-1.5078,crossroad
000382.png,-0.3063,-0.9112,0.0031,-1.8452,crossroad
000383.png,-0.3065,-0.9119,0.0031,-2.1728,crossroad
000384.png,-0.3069,-0.9123,0.0031,-2.4901,crossroad
000385.png,-0.3071,-0.9124,0.0031,-2.7987,crossroad
000386.png,-0.3061,-0.9123,0.0031,-3.1014,crossroad
000387.png,-0.3049,-0.9123,0.0031,2.8815,crossroad
000388.png,-0.304,-0.9127,0.0031,2.5837,crossroad
000389.png,-0.3033,-0.9133,0.0031,2.2879,crossroad
000390.png,-0.3032,-0.9134,0.0031,2.2238,crossroad
000391.png,-0.3033,-0.9133,0.0031,2.2155,crossroad
000392.png,-0.3033,-0.9133,0.0031,2.2086,crossroad
000393.png,-0.3033,-0.9133,0.0031,2.2017,crossroad
000394.png,-0.3033,-0.9132,0.0031,2.1949,crossroad
000395.png,-0.3033,-0.9132,0.0031,2.188,crossroad
000396.png,-0.3033,-0.9132,0.0031,2.181,crossroad
000397.png,-0.3034,-0.9132,0.0031,2.1632,crossroad
000398.png,-0.3034,-0.9132,0.0031,2.1114,crossroad
000399.png,-0.3036,-0.9128,0.0031,2.0031,crossroad
000400.png,-0.3038,-0.9122,0.0031,1.8194,crossroad
000401.png,-0.3039,-0.9113,0.0031,1.5028,crossroad
000402.png,-0.3039,-0.9113,0.0031,1.1889,crossroad
000403.png,-0.3042,-0.9118,0.0031,0.8521,crossroad
000404.png,-0.3044,-0.9119,0.0031,0.5119,crossroad
000405.png,-0.3044,-0.912,0.0031,0.1767,crossroad
000406.png,-0.3042,-0.9119,0.0031,-0.1541,crossroad
000407.png,-0.3041,-0.912,0.0031,-0.4746,crossroad
000408.png,-0.3036,-0.9124,0.0031,-0.7823,crossroad
000409.png,-0.3033,-0.9127,0.0031,-1.0823,crossroad
000410.png,-0.3031,-0.9132,0.0031,-1.377,crossroad
000411.png,-0.3031,-0.9133,0.0031,-1.6124,crossroad
000412.png,-0.3031,-0.9132,0.0031,-1.6185,crossroad
000413.png,-0.3031,-0.913,0.0031,-1.6247,crossroad
000414.png,-0.3031,-0.9137,0.0031,-1.627,crossroad
000415.png,-0.3034,-0.9196,0.0031,-1.6213,crossroad
000416.png,-0.3246,-0.2846,0.0031,0.3367,crossroad
000417.png,-0.3208,-0.2832,0.0031,0.3393,crossroad
000418.png,-0.3218,-0.2836,0.0031,0.3418,crossroad
000419.png,-0.3137,-0.2799,0.0031,0.2003,crossroad
000420.png,-0.3072,-0.2719,0.0031,-1.4895,crossroad
000421.png,-0.307,-0.2743,0.0031,-1.4884,crossroad
000422.png,-0.3068,-0.2766,0.0031,-1.4873,crossroad
000423.png,-0.3066,-0.279,0.0031,-1.4862,crossroad
000424.png,-0.3065,-0.2811,0.0031,-1.4838,crossroad
000425.png,-0.3065,-0.2805,0.0031,-1.4789,crossroad
000426.png,-0.307,-0.2747,0.0031,-1.4773,crossroad
000427.png,-0.3083,-0.2845,0.0031,-1.5022,crossroad
000428.png,-0.3082,-0.2858,0.0031,-1.5035,crossroad
000429.png,-0.3081,-0.2871,0.0031,-1.5049,crossroad
000430.png,-0.308,-0.2886,0.0031,-1.5065,crossroad
000431.png,-0.308,-0.2897,0.0031,-1.5066,crossroad
000432.png,-0.3079,-0.2902,0.0031,-1.488,crossroad
000433.png,-0.3079,-0.2908,0.0031,-1.4064,crossroad
000434.png,-0.3076,-0.2918,0.0031,-1.2484,crossroad
000435.png,-0.307,-0.2932,0.0031,-1.0212,crossroad
000436.png,-0.3064,-0.294,0.0031,-0.73,crossroad
000437.png,-0.306,-0.2943,0.0031,-0.3994,crossroad
000438.png,-0.3058,-0.2944,0.0031,-0.0541,crossroad
000439.png,-0.3065,-0.2945,0.0031,0.2946,crossroad
000440.png,-0.3066,-0.2945,0.0031,0.7697,crossroad
000441.png,-0.3063,-0.2942,0.0031,1.1,crossroad
000442.png,-0.3064,-0.2946,0.0031,1.4216,crossroad
000443.png,-0.3064,-0.2953,0.0031,1.7315,crossroad
000444.png,-0.3061,-0.2966,0.0031,2.0321,crossroad
000445.png,-0.3054,-0.2977,0.0031,2.3289,crossroad
000446.png,-0.3049,-0.2981,0.0031,2.6245,crossroad
000447.png,-0.3047,-0.2982,0.0031,2.917,crossroad
000448.png,-0.3047,-0.2982,0.0031,-3.0711,crossroad
000449.png,-0.3049,-0.2982,0.0031,-2.7737,crossroad
000450.png,-0.306,-0.2989,0.0031,-2.414,crossroad
000451.png,-0.3067,-0.2996,0.0031,-2.1124,crossroad
000452.png,-0.3069,-0.3001,0.0031,-1.8084,crossroad
000453.png,-0.3069,-0.2998,0.0031,-1.5049,crossroad
000454.png,-0.307,-0.2994,0.0031,-1.2039,crossroad
000455.png,-0.307,-0.2994,0.0031,-0.9025,crossroad
000456.png,-0.3069,-0.2994,0.0031,-0.6032,crossroad
000457.png,-0.3065,-0.2996,0.0031,-0.3023,crossroad
000458.png,-0.3062,-0.2997,0.0031,-0.0025,crossroad
000459.png,-0.306,-0.2997,0.0031,0.2969,crossroad
000460.png,-0.306,-0.2996,0.0031,0.6602,crossroad
000461.png,-0.3059,-0.2995,0.0031,0.9623,crossroad
000462.png,-0.3055,-0.2988,0.0031,1.264,crossroad
000463.png,-0.3053,-0.2976,0.0031,1.5628,crossroad
000464.png,-0.3054,-0.2966,0.0031,1.8578,crossroad
000465.png,-0.3056,-0.2959,0.0031,2.1522,crossroad
000466.png,-0.3059,-0.2956,0.0031,2.4465,crossroad
000467.png,-0.3065,-0.2952,0.0031,2.7423,crossroad
000468.png,-0.3074,-0.295,0.0031,3.0374,crossroad
000469.png,-0.3083,-0.295,0.0031,-2.9513,crossroad
000470.png,-0.3089,-0.2952,0.0031,-2.5961,crossroad
000471.png,-0.309,-0.2953,0.0031,-2.2991,crossroad
000472.png,-0.309,-0.2953,0.0031,-2.0027,crossroad
000473.png,-0.309,-0.2952,0.0031,-1.7105,crossroad
000474.png,-0.309,-0.2949,0.0031,-1.4179,crossroad
000475.png,-0.3093,-0.294,0.0031,-1.1264,crossroad
000476.png,-0.31,-0.2928,0.0031,-0.8342,crossroad
000477.png,-0.3107,-0.2922,0.0031,-0.539,crossroad
000478.png,-0.3115,-0.2918,0.0031,-0.2387,crossroad
000479.png,-0.3117,-0.2918,0.0031,0.0636,crossroad
000480.png,-0.312,-0.2919,0.0031,0.4282,crossroad
000481.png,-0.3121,-0.2919,0.0031,0.7309,crossroad
000482.png,-0.3118,-0.2916,0.0031,1.0304,crossroad
000483.png,-0.3118,-0.2915,0.0031,1.3263,crossroad
000484.png,-0.3116,-0.2897,0.0031,1.6248,crossroad
000485.png,-0.3126,-0.2847,0.0031,1.9212,crossroad
000486.png,-0.317,-0.2761,0.0031,2.2178,crossroad
000487.png,0.3048,0.2763,0.0031,0.0156,crossroad
000488.png,0.3052,0.3268,0.0031,-0.7466,crossroad
000489.png,0.3189,0.3141,0.0031,-0.7553,crossroad
000490.png,0.3235,0.3093,0.0031,-0.744,crossroad
000491.png,0.3062,0.3252,0.0031,-0.74,crossroad
000492.png,0.3025,0.3286,0.0031,-0.7396,crossroad
000493.png,0.3023,0.3288,0.0031,-0.7395,crossroad
000494.png,0.302,0.329,0.0031,-0.7395,crossroad
000495.png,0.3018,0.3292,0.0031,-0.7394,crossroad
000496.png,0.3016,0.3294,0.0031,-0.7394,crossroad
000497.png,0.3013,0.3296,0.0031,-0.7393,crossroad
000498.png,0.3014,0.3295,0.0031,-0.7407,crossroad
000499.png,0.3021,0.3289,0.0031,-0.7436,crossroad
000500.png,0.3021,0.3289,0.0031,-0.7436,crossroad
000501.png,0.3021,0.3289,0.0031,-0.7436,crossroad
000502.png,0.3021,0.3289,0.0031,-0.7436,crossroad
000503.png,0.3021,0.3289,0.0031,-0.7436,crossroad
000504.png,0.3021,0.3289,0.0031,-0.7436,crossroad
000505.png,0.3021,0.3289,0.0031,-0.7436,crossroad
000506.png,0.3021,0.3289,0.0031,-0.7436,crossroad
000507.png,0.3021,0.3289,0.0031,-0.7436,crossroad
000508.png,0.3021,0.3289,0.0031,-0.7436,crossroad
000509.png,0.3021,0.3289,0.0031,-0.7436,crossroad
000510.png,0.3027,0.3284,0.0031,-0.7485,crossroad
000511.png,0.3038,0.3274,0.0031,-0.7724,crossroad
000512.png,0.3051,0.326,0.0031,-0.8539,crossroad
000513.png,0.3063,0.3244,0.0031,-1.0157,crossroad
000514.png,0.307,0.3231,0.0031,-1.2642,crossroad
000515.png,0.3072,0.3218,0.0031,-1.569,crossroad
000516.png,0.3071,0.3208,0.0031,-1.9031,crossroad
000517.png,0.3067,0.32,0.0031,-2.2491,crossroad
000518.png,0.3063,0.3196,0.0031,-2.5936,crossroad
000519.png,0.3069,0.3199,0.0031,-2.9301,crossroad
000520.png,0.3078,0.3199,0.0031,2.9617,crossroad
000521.png,0.3075,0.32,0.0031,2.6445,crossroad
000522.png,0.3072,0.3202,0.0031,2.3366,crossroad
000523.png,0.3073,0.3201,0.0031,2.0354,crossroad
000524.png,0.3075,0.3196,0.0031,1.7398,crossroad
000525.png,0.3075,0.3196,0.0031,1.4477,crossroad
000526.png,0.3075,0.3198,0.0031,1.1559,crossroad
000527.png,0.3076,0.3199,0.0031,0.8661,crossroad
000528.png,0.3078,0.32,0.0031,0.5774,crossroad
000529.png,0.3076,0.32,0.0031,0.2865,crossroad
000530.png,0.3079,0.32,0.0031,-0.0617,crossroad
000531.png,0.308,0.32,0.0031,-0.3556,crossroad
000532.png,0.308,0.32,0.0031,-0.6488,crossroad
000533.png,0.3078,0.3202,0.0031,-0.9427,crossroad
000534.png,0.3074,0.3209,0.0031,-1.2377,crossroad
000535.png,0.3074,0.3212,0.0031,-1.5332,crossroad
000536.png,0.3073,0.3212,0.0031,-1.8354,crossroad
000537.png,0.3074,0.3214,0.0031,-2.1405,crossroad
000538.png,0.3078,0.3219,0.0031,-2.4481,crossroad
000539.png,0.308,0.322,0.0031,-2.7503,crossroad
000540.png,0.3092,0.3222,0.0031,3.1211,crossroad
000541.png,0.3102,0.3221,0.0031,2.8301,crossroad
000542.png,0.3112,0.3216,0.0031,2.5384,crossroad
000543.png,0.3118,0.3211,0.0031,2.2464,crossroad
000544.png,0.3118,0.3211,0.0031,1.9588,crossroad
000545.png,0.3117,0.3215,0.0031,1.6704,crossroad
000546.png,0.3118,0.3218,0.0031,1.3773,crossroad
000547.png,0.3119,0.3223,0.0031,1.0811,crossroad
000548.png,0.3119,0.3222,0.0031,1.0181,crossroad
000549.png,0.3117,0.3219,0.0031,1.0131,crossroad
000550.png,0.3115,0.3216,0.0031,1.0071,crossroad
000551.png,0.3113,0.3213,0.0031,1.0021,crossroad
000552.png,0.3111,0.321,0.0031,0.9971,crossroad
000553.png,0.3109,0.3207,0.0031,0.9921,crossroad
000554.png,0.3107,0.3204,0.0031,0.9871,crossroad
000555.png,0.3105,0.3201,0.0031,0.982,crossroad
000556.png,0.3103,0.3198,0.0031,0.977,crossroad
000557.png,0.3101,0.3195,0.0031,0.9715,crossroad
000558.png,0.3107,0.3204,0.0031,0.9491,crossroad
000559.png,0.3118,0.3218,0.0031,0.8877,crossroad
000560.png,0.3126,0.3228,0.0031,0.7603,crossroad
000561.png,0.3058,0.3171,0.0031,0.6356,crossroad
000562.png,0.288,0.3056,0.0031,0.4919,crossroad
000563.png,0.3121,-0.896,0.0031,-2.2152,crossroad
000564.png,0.2841,-1.4902,0.0031,-1.699,t_junction
000565.png,0.2866,-1.4889,0.0031,-1.7201,t_junction
000566.png,0.2831,-1.5056,0.0031,-1.7269,t_junction
000567.png,0.2852,-1.492,0.0031,-1.7279,t_junction
000568.png,0.2844,-1.484,0.0031,-1.7583,t_junction
000569.png,0.2824,-1.4947,0.0031,-1.7569,t_junction
000570.png,0.2824,-1.4947,0.0031,-1.7569,t_junction
000571.png,0.2824,-1.4947,0.0031,-1.7569,t_junction
000572.png,0.2824,-1.4947,0.0031,-1.7569,t_junction
000573.png,0.2825,-1.4942,0.0031,-1.7569,t_junction
000574.png,0.2828,-1.4922,0.0031,-1.7576,t_junction
000575.png,0.2837,-1.4876,0.0031,-1.7587,t_junction
000576.png,0.284,-1.4861,0.0031,-1.7586,t_junction
000577.png,0.284,-1.4859,0.0031,-1.7584,t_junction
000578.png,0.2841,-1.4857,0.0031,-1.7582,t_junction
000579.png,0.2841,-1.4855,0.0031,-1.758,t_junction
000580.png,0.2841,-1.4853,0.0031,-1.7578,t_junction
000581.png,0.2842,-1.4851,0.0031,-1.7575,t_junction
000582.png,0.2843,-1.4845,0.0031,-1.7595,t_junction
000583.png,0.2846,-1.4829,0.0031,-1.7912,t_junction
000584.png,0.2853,-1.4803,0.0031,-1.8906,t_junction
000585.png,0.2859,-1.4788,0.0031,-2.06,t_junction
000586.png,0.2863,-1.4781,0.0031,-2.2933,t_junction
000587.png,0.2868,-1.4777,0.0031,-2.5802,t_junction
000588.png,0.2871,-1.4775,0.0031,-2.903,t_junction
000589.png,0.2872,-1.4775,0.0031,3.0405,t_junction
000590.png,0.2872,-1.4775,0.0031,2.6942,t_junction
000591.png,0.2871,-1.4774,0.0031,2.2855,t_junction
000592.png,0.2868,-1.4769,0.0031,1.9553,t_junction
000593.png,0.2867,-1.4768,0.0031,1.6361,t_junction
000594.png,0.2868,-1.4764,0.0031,1.3258,t_junction
000595.png,0.287,-1.4758,0.0031,1.0227,t_junction
000596.png,0.2875,-1.4752,0.0031,0.7216,t_junction
000597.png,0.2878,-1.4749,0.0031,0.423,t_junction
000598.png,0.2885,-1.4747,0.0031,0.1284,t_junction
000599.png,0.2895,-1.4747,0.0031,-0.1675,t_junction
000600.png,0.2902,-1.4749,0.0031,-0.4669,t_junction
000601.png,0.2904,-1.475,0.0031,-0.828,t_junction
000602.png,0.2908,-1.4756,0.0031,-1.1262,t_junction
000603.png,0.2911,-1.4765,0.0031,-1.4224,t_junction
000604.png,0.2911,-1.4768,0.0031,-1.7162,t_junction
000605.png,0.2911,-1.4768,0.0031,-2.0113,t_junction
000606.png,0.2909,-1.4771,0.0031,-2.3075,t_junction
000607.png,0.2904,-1.4775,0.0031,-2.6035,t_junction
000608.png,0.2895,-1.4779,0.0031,-2.8984,t_junction
000609.png,0.2888,-1.478,0.0031,3.0884,t_junction
000610.png,0.2886,-1.478,0.0031,2.7926,t_junction
000611.png,0.2882,-1.4777,0.0031,2.4361,t_junction
000612.png,0.2878,-1.4773,0.0031,2.1335,t_junction
000613.png,0.2875,-1.4766,0.0031,1.8309,t_junction
000614.png,0.2874,-1.4754,0.0031,1.526,t_junction
000615.png,0.2876,-1.4743,0.0031,1.2217,t_junction
000616.png,0.2879,-1.4736,0.0031,0.9202,t_junction
000617.png,0.2887,-1.4728,0.0031,0.6216,t_junction
000618.png,0.2894,-1.4724,0.0031,0.3209,t_junction
000619.png,0.2894,-1.4724,0.0031,0.0207,t_junction
000620.png,0.2898,-1.4724,0.0031,-0.2812,t_junction
000621.png,0.2897,-1.4724,0.0031,-0.6433,t_junction
000622.png,0.2878,-1.4726,0.0031,-3.0587,t_junction
000623.png,0.2878,-1.4726,0.0031,2.9322,t_junction
000624.png,0.2879,-1.4726,0.0031,2.5167,t_junction
000625.png,0.2879,-1.4727,0.0031,2.2197,t_junction
000626.png,0.2881,-1.473,0.0031,1.923,t_junction
000627.png,0.2883,-1.4738,0.0031,1.6231,t_junction
000628.png,0.2883,-1.4742,0.0031,1.3265,t_junction
000629.png,0.2882,-1.4744,0.0031,1.0326,t_junction
000630.png,0.2883,-1.4743,0.0031,0.7381,t_junction
000631.png,0.2888,-1.4739,0.0031,0.4444,t_junction
000632.png,0.2892,-1.4738,0.0031,0.1516,t_junction
000633.png,0.2901,-1.4738,0.0031,-0.1428,t_junction
000634.png,0.291,-1.4741,0.0031,-0.5042,t_junction
000635.png,0.2916,-1.4745,0.0031,-0.8046,t_junction
000636.png,0.2915,-1.4744,0.0031,-1.1066,t_junction
000637.png,0.2914,-1.4739,0.0031,-1.4112,t_junction
000638.png,0.2914,-1.4733,0.0031,-1.7162,t_junction
000639.png,0.2915,-1.4728,0.0031,-2.0179,t_junction
000640.png,0.2915,-1.4727,0.0031,-2.3165,t_junction
000641.png,0.2907,-1.4733,0.0031,-2.614,t_junction
000642.png,0.2892,-1.474,0.0031,-2.9094,t_junction
000643.png,0.2878,-1.4741,0.0031,3.0801,t_junction
000644.png,0.289,-1.4746,0.0031,2.7326,t_junction
000645.png,0.2975,-1.4797,0.0031,2.4564,t_junction
000646.png,0.3105,-1.4932,0.0031,2.1768,t_junction
000647.png,0.3219,-1.5148,0.0031,1.8886,t_junction
000648.png,-0.898,-0.2999,0.0031,0.0058,crossroad
000649.png,-0.8968,-0.2999,0.0031,0.0052,crossroad
000650.png,-0.8958,-0.2999,0.0031,0.0047,crossroad
000651.png,-0.8948,-0.2999,0.0031,0.0043,crossroad
000652.png,-0.8938,-0.2999,0.0031,0.0038,crossroad
000653.png,-0.8928,-0.2999,0.0031,0.0033,crossroad
000654.png,-0.8918,-0.2999,0.0031,0.0028,crossroad
000655.png,-0.8908,-0.2999,0.0031,0.0024,crossroad
000656.png,-0.8899,-0.2999,0.0031,0.0019,crossroad
000657.png,-0.889,-0.2999,0.0031,0.0024,crossroad
000658.png,-0.8895,-0.2999,0.0031,0.0058,crossroad
000659.png,-0.8932,-0.2999,0.0031,0.0104,crossroad
000660.png,-0.9036,-0.3,0.0031,0.0245,crossroad
000661.png,-0.918,-0.3006,0.0031,0.0689,crossroad
000662.png,-0.2768,-0.319,0.0031,1.3953,crossroad
000663.png,-0.2762,-0.3125,0.0031,1.6184,crossroad
000664.png,-0.277,-0.3071,0.0031,1.9035,crossroad
000665.png,-0.2784,-0.3043,0.0031,2.2263,crossroad
000666.png,-0.2797,-0.3029,0.0031,2.5635,crossroad
000667.png,-0.2802,-0.3026,0.0031,2.9027,crossroad
000668.png,-0.2803,-0.3026,0.0031,-3.0462,crossroad
000669.png,-0.2801,-0.3026,0.0031,-2.6503,crossroad
000670.png,-0.28,-0.3025,0.0031,-2.3327,crossroad
000671.png,-0.2801,-0.3027,0.0031,-2.0241,crossroad
000672.png,-0.28,-0.3023,0.0031,-1.7194,crossroad
000673.png,-0.28,-0.3023,0.0031,-1.4166,crossroad
000674.png,-0.28,-0.3024,0.0031,-1.1177,crossroad
000675.png,-0.2797,-0.3027,0.0031,-0.8223,crossroad
000676.png,-0.2793,-0.3031,0.0031,-0.5268,crossroad
000677.png,-0.2791,-0.3032,0.0031,-0.2296,crossroad
000678.png,-0.2789,-0.3032,0.0031,0.0647,crossroad
000679.png,-0.2788,-0.3032,0.0031,0.419,crossroad
000680.png,-0.2786,-0.3031,0.0031,0.713,crossroad
000681.png,-0.2784,-0.3028,0.0031,1.0029,crossroad
000682.png,-0.2781,-0.3021,0.0031,1.2954,crossroad
000683.png,-0.2779,-0.3008,0.0031,1.5912,crossroad
000684.png,-0.278,-0.2998,0.0031,1.8871,crossroad
000685.png,-0.2785,-0.2987,0.0031,2.1822,crossroad
000686.png,-0.2791,-0.298,0.0031,2.4785,crossroad
000687.png,-0.2799,-0.2976,0.0031,2.7742,crossroad
000688.png,-0.2807,-0.2974,0.0031,3.0714,crossroad
000689.png,-0.282,-0.2975,0.0031,-2.8506,crossroad
000690.png,-0.283,-0.2979,0.0031,-2.5516,crossroad
000691.png,-0.2836,-0.2984,0.0031,-2.2541,crossroad
000692.png,-0.2839,-0.2988,0.0031,-1.9611,crossroad
000693.png,-0.284,-0.2992,0.0031,-1.6703,crossroad
000694.png,-0.284,-0.2993,0.0031,-1.381,crossroad
000695.png,-0.2842,-0.2989,0.0031,-1.0914,crossroad
000696.png,-0.2846,-0.2982,0.0031,-0.8003,crossroad
000697.png,-0.2854,-0.2976,0.0031,-0.5039,crossroad
000698.png,-0.287,-0.297,0.0031,-0.2072,crossroad
000699.png,-0.2881,-0.2968,0.0031,0.1477,crossroad
000700.png,-0.2881,-0.2968,0.0031,0.4434,crossroad
000701.png,-0.288,-0.2967,0.0031,0.7401,crossroad
000702.png,-0.2882,-0.2971,0.0031,1.0361,crossroad
000703.png,-0.2884,-0.2974,0.0031,1.3315,crossroad
000704.png,-0.2884,-0.2979,0.0031,1.6288,crossroad
000705.png,-0.2884,-0.298,0.0031,1.9261,crossroad
000706.png,-0.2884,-0.2981,0.0031,2.2219,crossroad
000707.png,-0.2884,-0.2981,0.0031,2.5192,crossroad
000708.png,-0.2884,-0.2981,0.0031,2.8174,crossroad
000709.png,-0.2883,-0.2981,0.0031,-3.1055,crossroad
000710.png,-0.2893,-0.2983,0.0031,-2.8024,crossroad
000711.png,-0.291,-0.2992,0.0031,-2.5014,crossroad
000712.png,-0.2922,-0.3003,0.0031,-2.2002,crossroad
000713.png,-0.2926,-0.301,0.0031,-1.9023,crossroad
000714.png,-0.2926,-0.3011,0.0031,-1.6054,crossroad
000715.png,-0.2927,-0.3006,0.0031,-1.3073,crossroad
000716.png,-0.2928,-0.3003,0.0031,-1.009,crossroad
000717.png,-0.2923,-0.3009,0.0031,-0.7103,crossroad
000718.png,-0.2922,-0.301,0.0031,-0.4142,crossroad
000719.png,-0.2918,-0.3011,0.0031,-0.1763,crossroad
000720.png,-0.2919,-0.3011,0.0031,-0.1714,crossroad
000721.png,-0.2919,-0.3011,0.0031,-0.1664,crossroad
000722.png,-0.292,-0.3011,0.0031,-0.1615,crossroad
000723.png,-0.292,-0.3011,0.0031,-0.1566,crossroad
000724.png,-0.292,-0.3011,0.0031,-0.1516,crossroad
000725.png,-0.2919,-0.3011,0.0031,-0.1477,crossroad
000726.png,-0.2883,-0.3016,0.0031,-0.1508,crossroad
000727.png,-0.2781,-0.3032,0.0031,-0.1529,crossroad
000728.png,0.9066,-0.311,0.0031,0.1775,crossroad
000729.png,0.8704,-0.3008,0.0031,1.2103,crossroad
000730.png,0.871,-0.2992,0.0031,1.2115,crossroad
000731.png,0.8717,-0.2973,0.0031,1.2128,crossroad
000732.png,0.872,-0.2964,0.0031,1.2125,crossroad
000733.png,0.8706,-0.3003,0.0031,1.2135,crossroad
000734.png,0.8767,-0.2832,0.0031,1.0586,crossroad
000735.png,0.913,0.3264,0.0031,-2.4136,crossroad
000736.png,0.9115,0.3252,0.0031,-2.4111,crossroad
000737.png,0.91,0.3237,0.0031,-2.4082,crossroad
000738.png,0.9084,0.3223,0.0031,-2.4053,crossroad
000739.png,0.9068,0.3209,0.0031,-2.4024,crossroad
000740.png,0.9053,0.3195,0.0031,-2.3995,crossroad
000741.png,0.9037,0.318,0.0031,-2.3966,crossroad
000742.png,0.9021,0.3166,0.0031,-2.3937,crossroad
000743.png,0.9006,0.3151,0.0031,-2.3908,crossroad
000744.png,0.899,0.3137,0.0031,-2.3879,crossroad
000745.png,0.8972,0.3119,0.0031,-2.3844,crossroad
000746.png,0.896,0.3108,0.0031,-2.3812,crossroad
000747.png,0.8983,0.313,0.0031,-2.3785,crossroad
000748.png,0.9088,0.3231,0.0031,-2.376,crossroad
000749.png,0.9002,0.311,0.0031,-2.3573,crossroad
000750.png,0.8982,0.3089,0.0031,-2.359,crossroad
000751.png,0.8961,0.3069,0.0031,-2.3607,crossroad
000752.png,0.8937,0.3045,0.0031,-2.3627,crossroad
000753.png,0.8916,0.3025,0.0031,-2.3644,crossroad
000754.png,0.8896,0.3005,0.0031,-2.3661,crossroad
000755.png,0.8875,0.2985,0.0031,-2.3678,crossroad
000756.png,0.8855,0.2965,0.0031,-2.3694,crossroad
000757.png,0.8835,0.2946,0.0031,-2.3707,crossroad
000758.png,0.8827,0.2938,0.0031,-2.3685,crossroad
000759.png,0.8838,0.2949,0.0031,-2.368,crossroad
000760.png,0.8885,0.2994,0.0031,-2.3671,crossroad
000761.png,0.8988,0.3095,0.0031,-2.367,crossroad
000762.png,0.9068,0.3257,0.0031,-2.5188,crossroad
000763.png,0.8726,0.3013,0.0031,-2.5283,crossroad
000764.png,0.3037,0.2893,0.0031,2.1935,crossroad
000765.png,0.2928,0.3091,0.0031,1.8869,crossroad
000766.png,0.2744,0.3041,0.0031,0.2942,crossroad
000767.png,0.3162,0.3184,0.0031,0.2773,crossroad
000768.png,-0.2862,0.2785,0.0031,2.4792,crossroad
000769.png,-0.3054,0.2935,0.0031,2.4725,crossroad
000770.png,-0.3207,0.2944,0.0031,2.3997,crossroad
000771.png,-0.3038,0.2792,0.0031,2.4013,crossroad
000772.png,-0.3233,0.2969,0.0031,2.4064,crossroad
000773.png,-0.3244,0.2979,0.0031,2.4068,crossroad
000774.png,-0.3254,0.2988,0.0031,2.4073,crossroad
000775.png,-0.3265,0.2998,0.0031,2.4078,crossroad
000776.png,-0.3275,0.3007,0.0031,2.4083,crossroad
000777.png,-0.3277,0.3009,0.0031,2.4102,crossroad
000778.png,-0.3254,0.2988,0.0031,2.4143,crossroad
000779.png,-0.3189,0.2931,0.0031,2.4179,crossroad
000780.png,-0.3073,0.2828,0.0031,2.4206,crossroad
000781.png,-0.2951,0.2722,0.0031,2.4171,crossroad
000782.png,-0.3134,0.2884,0.0031,2.4195,crossroad
000783.png,-0.8727,0.2895,0.0031,2.4427,crossroad
000784.png,-0.8734,0.29,0.0031,2.4411,crossroad
000785.png,-0.874,0.2906,0.0031,2.4395,crossroad
000786.png,-0.8747,0.2912,0.0031,2.4378,crossroad
000787.png,-0.8745,0.291,0.0031,2.4358,crossroad
000788.png,-0.8726,0.2893,0.0031,2.4311,crossroad
000789.png,-0.876,0.2931,0.0031,2.4109,crossroad
000790.png,-0.878,0.2949,0.0031,2.4138,crossroad
000791.png,-0.8804,0.2971,0.0031,2.4173,crossroad
000792.png,-0.8824,0.2988,0.0031,2.4203,crossroad
000793.png,-0.8845,0.3006,0.0031,2.4232,crossroad
000794.png,-0.8865,0.3024,0.0031,2.4261,crossroad
000795.png,-0.8885,0.3041,0.0031,2.4288,crossroad
000796.png,-0.8882,0.3039,0.0031,2.4312,crossroad
000797.png,-0.8858,0.3019,0.0031,2.4345,crossroad
000798.png,-0.88,0.2969,0.0031,2.4379,crossroad
000799.png,-0.8703,0.296,0.0031,1.8803,crossroad
000800.png,-0.8703,0.2962,0.0031,1.8647,crossroad
000801.png,-0.8704,0.2964,0.0031,1.849,crossroad
000802.png,-0.8705,0.2966,0.0031,1.8334,crossroad
000803.png,-0.8705,0.2968,0.0031,1.8147,crossroad
000804.png,-0.8706,0.297,0.0031,1.799,crossroad
000805.png,-0.8706,0.2971,0.0031,1.7834,crossroad
000806.png,-0.8706,0.2973,0.0031,1.7678,crossroad
000807.png,-0.8707,0.2978,0.0031,1.747,crossroad
000808.png,-0.8709,0.2992,0.0031,1.6883,crossroad
000809.png,-0.871,0.3008,0.0031,1.5654,crossroad
000810.png,-0.871,0.3021,0.0031,1.3678,crossroad
000811.png,-0.8708,0.3026,0.0031,1.103,crossroad
000812.png,-0.871,0.3024,0.0031,0.7962,crossroad
000813.png,-0.8718,0.3018,0.0031,0.3989,crossroad
000814.png,-0.8722,0.3016,0.0031,0.3904,crossroad
000815.png,-0.8726,0.3015,0.0031,0.381,crossroad
000816.png,-0.873,0.3013,0.0031,0.3716,crossroad
000817.png,-0.8734,0.3012,0.0031,0.3623,crossroad
000818.png,-0.8738,0.301,0.0031,0.3529,crossroad
000819.png,-0.8742,0.3009,0.0031,0.3436,crossroad
000820.png,-0.8746,0.3007,0.0031,0.3342,crossroad
000821.png,-0.8749,0.3006,0.0031,0.3235,crossroad
000822.png,-0.874,0.3009,0.0031,0.2865,crossroad
000823.png,-0.8719,0.3014,0.0031,0.1645,crossroad
000824.png,-0.3139,0.9128,0.0031,-0.2207,crossroad
000825.png,-0.2719,0.9005,0.0031,-0.484,crossroad
000826.png,-0.2829,0.9064,0.0031,-0.4869,crossroad
000827.png,-0.299,0.9149,0.0031,-0.4914,crossroad
000828.png,-0.307,0.9192,0.0031,-0.4921,crossroad
000829.png,-0.3077,0.9195,0.0031,-0.4899,crossroad
000830.png,-0.3084,0.9199,0.0031,-0.4877,crossroad
000831.png,-0.3091,0.9203,0.0031,-0.4855,crossroad
000832.png,-0.3098,0.9206,0.0031,-0.4833,crossroad
000833.png,-0.3105,0.921,0.0031,-0.4812,crossroad
000834.png,-0.3112,0.9214,0.0031,-0.479,crossroad
000835.png,-0.312,0.9218,0.0031,-0.4763,crossroad
000836.png,-0.3127,0.9222,0.0031,-0.4742,crossroad
000837.png,-0.3134,0.9225,0.0031,-0.472,crossroad
000838.png,-0.3141,0.9229,0.0031,-0.4698,crossroad
000839.png,-0.3148,0.9232,0.0031,-0.4676,crossroad
000840.png,-0.3155,0.9236,0.0031,-0.4654,crossroad
000841.png,-0.3157,0.9237,0.0031,-0.4667,crossroad
000842.png,-0.3144,0.923,0.0031,-0.4919,crossroad
000843.png,-0.312,0.9217,0.0031,-0.5676,crossroad
000844.png,-0.3094,0.9198,0.0031,-0.7082,crossroad
000845.png,-0.3072,0.9175,0.0031,-0.9701,crossroad
000846.png,-0.3066,0.9164,0.0031,-1.2546,crossroad
000847.png,-0.3065,0.9159,0.0031,-1.5771,crossroad
000848.png,-0.3065,0.9155,0.0031,-1.8491,crossroad
000849.png,-0.3067,0.9149,0.0031,-1.8599,crossroad
000850.png,-0.3068,0.9144,0.0031,-1.8707,crossroad
000851.png,-0.307,0.9138,0.0031,-1.8815,crossroad
000852.png,-0.3072,0.9132,0.0031,-1.8923,crossroad
000853.png,-0.3074,0.9126,0.0031,-1.9031,crossroad
000854.png,-0.3076,0.9121,0.0031,-1.9139,crossroad
000855.png,-0.3078,0.9114,0.0031,-1.9268,crossroad
000856.png,-0.3081,0.9109,0.0031,-1.9376,crossroad
000857.png,-0.3083,0.9103,0.0031,-1.9484,crossroad
000858.png,-0.3085,0.9097,0.0031,-1.9592,crossroad
000859.png,-0.3087,0.9092,0.0031,-1.97,crossroad
000860.png,-0.3089,0.9087,0.0031,-1.9806,crossroad
000861.png,-0.3083,0.9103,0.0031,-1.9802,crossroad
000862.png,-0.3054,0.9168,0.0031,-1.9688,crossroad
000863.png,-0.3019,0.9292,0.0031,-2.0846,crossroad
000864.png,-0.3079,0.9192,0.0031,-2.1455,crossroad
000865.png,-0.3094,0.9168,0.0031,-2.1601,crossroad
000866.png,-0.311,0.9144,0.0031,-2.1748,crossroad
000867.png,-0.3127,0.9121,0.0031,-2.1894,crossroad
000868.png,-0.3144,0.9097,0.0031,-2.204,crossroad
000869.png,-0.3161,0.9074,0.0031,-2.2186,crossroad
000870.png,-0.3178,0.9051,0.0031,-2.2332,crossroad
000871.png,-0.3195,0.903,0.0031,-2.2473,crossroad
000872.png,-0.3207,0.9016,0.0031,-2.2563,crossroad
000873.png,-0.3188,0.9039,0.0031,-2.2434,crossroad
000874.png,-0.3143,0.9097,0.0031,-2.2242,crossroad
000875.png,-0.3075,0.9187,0.0031,-2.2032,crossroad
000876.png,-0.2998,0.9291,0.0031,-2.1675,crossroad
000877.png,-0.3075,0.9177,0.0031,-2.1659,crossroad
000878.png,-0.3095,0.9148,0.0031,-2.1651,crossroad
000879.png,-0.3097,0.9145,0.0031,-2.1649,crossroad
000880.png,-0.3099,0.9142,0.0031,-2.1646,crossroad
000881.png,-0.3101,0.9139,0.0031,-2.1644,crossroad
000882.png,-0.3103,0.9136,0.0031,-2.1642,crossroad
000883.png,-0.3105,0.9133,0.0031,-2.1639,crossroad
000884.png,-0.3108,0.913,0.0031,-2.1637,crossroad
000885.png,-0.311,0.9126,0.0031,-2.1634,crossroad
000886.png,-0.3112,0.9123,0.0031,-2.1632,crossroad
000887.png,-0.3116,0.9116,0.0031,-2.1658,crossroad
000888.png,-0.3129,0.9098,0.0031,-2.199,crossroad
000889.png,-0.3147,0.9075,0.0031,-2.29,crossroad
000890.png,-0.317,0.9051,0.0031,-2.4488,crossroad
000891.png,-0.319,0.9037,0.0031,-2.683,crossroad
000892.png,-0.3208,0.9031,0.0031,-2.9769,crossroad
000893.png,-0.3222,0.903,0.0031,2.9726,crossroad
000894.png,-0.3228,0.9032,0.0031,2.6231,crossroad
000895.png,-0.3227,0.903,0.0031,2.2712,crossroad
000896.png,-0.322,0.902,0.0031,1.9264,crossroad
000897.png,-0.3218,0.9009,0.0031,1.5935,crossroad
000898.png,-0.3223,0.8974,0.0031,1.2766,crossroad
000899.png,-0.3242,0.8928,0.0031,1.0304,crossroad
000900.png,-0.3244,0.8924,0.0031,1.0265,crossroad
000901.png,-0.3246,0.892,0.0031,1.0227,crossroad
000902.png,-0.3248,0.8917,0.0031,1.0188,crossroad
000903.png,-0.3251,0.8913,0.0031,1.015,crossroad
000904.png,-0.3253,0.891,0.0031,1.0111,crossroad
000905.png,-0.3255,0.8906,0.0031,1.0073,crossroad
000906.png,-0.3258,0.8902,0.0031,1.0027,crossroad
000907.png,-0.326,0.8898,0.0031,0.9988,crossroad
000908.png,-0.3262,0.8895,0.0031,0.995,crossroad
000909.png,-0.3265,0.8891,0.0031,0.9911,crossroad
000910.png,-0.3267,0.8888,0.0031,0.9873,crossroad
000911.png,-0.3269,0.8884,0.0031,0.9834,crossroad
000912.png,-0.3271,0.8881,0.0031,0.9796,crossroad
000913.png,-0.3273,0.8878,0.0031,0.9078,crossroad
000914.png,-0.3255,0.8898,0.0031,0.7786,crossroad
000915.png,-0.325,0.8904,0.0031,0.7336,crossroad
000916.png,-0.3247,0.8906,0.0031,0.7135,crossroad
000917.png,-0.3245,0.8908,0.0031,0.6934,crossroad
000918.png,-0.3243,0.891,0.0031,0.6732,crossroad
000919.png,-0.3239,0.8912,0.0031,0.6526,crossroad
000920.png,-0.323,0.8919,0.0031,0.615,crossroad
000921.png,-0.3217,0.8928,0.0031,0.5337,crossroad
000922.png,-0.3204,0.8935,0.0031,0.3876,crossroad
000923.png,-0.321,0.8932,0.0031,0.3758,crossroad
000924.png,-0.322,0.8928,0.0031,0.3585,crossroad
000925.png,-0.3228,0.8925,0.0031,0.3441,crossroad
000926.png,-0.3205,0.8934,0.0031,0.3391,crossroad
000927.png,-0.3101,0.897,0.0031,0.3408,crossroad
000928.png,-0.2891,0.9045,0.0031,0.3365,crossroad
000929.png,0.3031,-0.3104,0.0031,-1.3302,crossroad
000930.png,0.8951,-0.3282,0.0031,0.2694,crossroad
000931.png,0.9045,-0.3256,0.0031,0.2694,crossroad
000932.png,0.9061,-0.3252,0.0031,0.2696,crossroad
000933.png,0.9065,-0.3251,0.0031,0.2697,crossroad
000934.png,0.9065,-0.3251,0.0031,0.2697,crossroad
000935.png,0.9065,-0.3251,0.0031,0.2697,crossroad
000936.png,0.9052,-0.3254,0.0031,0.2691,crossroad
000937.png,0.8998,-0.3269,0.0031,0.2684,crossroad
000938.png,0.8989,-0.3272,0.0031,0.267,crossroad
000939.png,0.898,-0.3274,0.0031,0.2655,crossroad
000940.png,0.8976,-0.3275,0.0031,0.265,crossroad
000941.png,0.8976,-0.3275,0.0031,0.265,crossroad
000942.png,0.8976,-0.3275,0.0031,0.265,crossroad
000943.png,0.8976,-0.3275,0.0031,0.2649,crossroad
000944.png,0.8975,-0.3276,0.0031,0.2621,crossroad
000945.png,0.8979,-0.3275,0.0031,0.2354,crossroad
000946.png,0.8987,-0.3273,0.0031,0.1504,crossroad
000947.png,0.9005,-0.3271,0.0031,-0.0057,crossroad
000948.png,0.9021,-0.3273,0.0031,-0.2395,crossroad
000949.png,0.9021,-0.3273,0.0031,-0.2579,crossroad
000950.png,0.902,-0.3273,0.0031,-0.2798,crossroad
000951.png,0.9019,-0.3272,0.0031,-0.3018,crossroad
000952.png,0.9018,-0.3272,0.0031,-0.3238,crossroad
000953.png,0.9017,-0.3272,0.0031,-0.3501,crossroad
000954.png,0.9017,-0.3271,0.0031,-0.3721,crossroad
000955.png,0.9016,-0.3271,0.0031,-0.3941,crossroad
000956.png,0.9015,-0.3271,0.0031,-0.416,crossroad
000957.png,0.902,-0.3273,0.0031,-0.4479,crossroad
000958.png,0.9037,-0.3282,0.0031,-0.5214,crossroad
000959.png,0.9054,-0.3293,0.0031,-0.6651,crossroad
000960.png,0.9163,-0.3127,0.0031,-1.9038,crossroad
000961.png,0.9221,-0.2849,0.0031,-2.0849,crossroad
000962.png,0.9186,-0.2911,0.0031,-2.119,crossroad
000963.png,0.917,-0.2935,0.0031,-2.1338,crossroad
000964.png,0.9158,-0.2955,0.0031,-2.1456,crossroad
000965.png,0.9158,-0.2955,0.0031,-2.1456,crossroad
000966.png,0.9158,-0.2955,0.0031,-2.1456,crossroad
000967.png,0.9158,-0.2955,0.0031,-2.1456,crossroad
000968.png,0.9154,-0.2961,0.0031,-2.1526,crossroad
000969.png,0.9145,-0.2975,0.0031,-2.1918,crossroad
000970.png,0.9136,-0.2986,0.0031,-2.2926,crossroad
000971.png,0.9126,-0.2996,0.0031,-2.4269,crossroad
000972.png,0.9122,-0.2999,0.0031,-2.4477,crossroad
000973.png,0.912,-0.3001,0.0031,-2.4602,crossroad
000974.png,0.912,-0.3001,0.0031,-2.4602,crossroad
000975.png,0.912,-0.3001,0.0031,-2.4602,crossroad
000976.png,0.912,-0.3001,0.0031,-2.4602,crossroad
000977.png,0.912,-0.3001,0.0031,-2.4602,crossroad
000978.png,0.912,-0.3001,0.0031,-2.4602,crossroad
000979.png,0.912,-0.3001,0.0031,-2.4602,crossroad
000980.png,0.912,-0.3001,0.0031,-2.4605,crossroad
000981.png,0.9117,-0.3004,0.0031,-2.4752,crossroad
000982.png,0.9104,-0.3014,0.0031,-2.5378,crossroad
000983.png,0.9078,-0.303,0.0031,-2.6655,crossroad
000984.png,0.9034,-0.3048,0.0031,-2.9145,crossroad
000985.png,0.8998,-0.3052,0.0031,3.0885,crossroad
000986.png,0.8967,-0.3047,0.0031,2.764,crossroad
000987.png,0.8945,-0.3034,0.0031,2.4173,crossroad
000988.png,0.8929,-0.3016,0.0031,2.068,crossroad
000989.png,0.8924,-0.3002,0.0031,1.7247,crossroad
000990.png,0.8924,-0.2997,0.0031,1.3889,crossroad
000991.png,0.8926,-0.2989,0.0031,1.0636,crossroad
000992.png,0.8926,-0.299,0.0031,0.9951,crossroad
000993.png,0.8924,-0.2993,0.0031,0.9893,crossroad
000994.png,0.8921,-0.2997,0.0031,0.9813,crossroad
000995.png,0.8919,-0.2999,0.0031,0.9756,crossroad
000996.png,0.8917,-0.3002,0.0031,0.9698,crossroad
000997.png,0.8915,-0.3005,0.0031,0.9641,crossroad
000998.png,0.8913,-0.3008,0.0031,0.9584,crossroad
000999.png,0.89,-0.3027,0.0031,0.9546,crossroad
001000.png,0.8853,-0.3093,0.0031,0.9547,crossroad
001001.png,0.8785,-0.3182,0.0031,0.9704,crossroad
001002.png,0.8938,-0.296,0.0031,0.9735,crossroad
001003.png,0.8956,-0.2932,0.0031,0.9767,crossroad
001004.png,0.8975,-0.2904,0.0031,0.9799,crossroad
001005.png,0.8994,-0.2877,0.0031,0.983,crossroad
001006.png,0.9016,-0.2843,0.0031,0.9868,crossroad
001007.png,0.9028,-0.2824,0.0031,0.9908,crossroad
001008.png,0.9015,-0.2844,0.0031,0.998,crossroad
001009.png,0.9001,-0.2866,0.0031,1.0016,crossroad
001010.png,0.9,-0.2869,0.0031,1.0017,crossroad
001011.png,0.8997,-0.2873,0.0031,1.0025,crossroad
001012.png,0.8996,-0.2874,0.0031,1.029,crossroad
001013.png,0.8999,-0.2869,0.0031,1.1116,crossroad
001014.png,0.9003,-0.286,0.0031,1.2605,crossroad
001015.png,0.9006,-0.2847,0.0031,1.485,crossroad
001016.png,0.9005,-0.2831,0.0031,1.772,crossroad
001017.png,0.8997,-0.2809,0.0031,2.1633,crossroad
001018.png,0.8989,-0.28,0.0031,2.5037,crossroad
001019.png,0.8981,-0.2795,0.0031,2.7783,crossroad
001020.png,0.8984,-0.2796,0.0031,2.787,crossroad
001021.png,0.8987,-0.2797,0.0031,2.7957,crossroad
001022.png,0.899,-0.2798,0.0031,2.8044,crossroad
001023.png,0.8993,-0.2799,0.0031,2.8131,crossroad
001024.png,0.8996,-0.28,0.0031,2.8218,crossroad
001025.png,0.8998,-0.2801,0.0031,2.8318,crossroad
001026.png,0.8989,-0.2798,0.0031,2.8694,crossroad
001027.png,0.8967,-0.2793,0.0031,2.9904,crossroad
001028.png,0.895,-0.2792,0.0031,-3.1136,crossroad
001029.png,0.8937,-0.2793,0.0031,-2.9153,crossroad
001030.png,0.8934,-0.2794,0.0031,-2.8979,crossroad
001031.png,0.893,-0.2794,0.0031,-2.8802,crossroad
001032.png,0.8927,-0.2795,0.0031,-2.8624,crossroad
001033.png,0.891,-0.28,0.0031,-2.8512,crossroad
001034.png,0.8845,-0.282,0.0031,-2.849,crossroad
001035.png,0.3095,-0.8747,0.0031,-1.4256,crossroad
001036.png,0.313,-0.8985,0.0031,-1.4208,crossroad
001037.png,0.3154,-1.4745,0.0031,-1.1483,t_junction
001038.png,0.3156,-1.4749,0.0031,-1.2132,t_junction
001039.png,0.3155,-1.4747,0.0031,-1.2383,t_junction
001040.png,0.3155,-1.4746,0.0031,-1.2593,t_junction
001041.png,0.3154,-1.4745,0.0031,-1.2802,t_junction
001042.png,0.3154,-1.4743,0.0031,-1.3011,t_junction
001043.png,0.3154,-1.4744,0.0031,-1.3277,t_junction
001044.png,0.316,-1.4768,0.0031,-1.3502,t_junction
001045.png,0.3168,-1.4811,0.0031,-1.4237,t_junction
001046.png,0.3173,-1.4854,0.0031,-1.5643,t_junction
001047.png,0.317,-1.4891,0.0031,-1.78,t_junction
001048.png,0.3162,-1.4916,0.0031,-2.0641,t_junction
001049.png,0.3156,-1.4926,0.0031,-2.2566,t_junction
001050.png,0.3158,-1.4924,0.0031,-2.2695,t_junction
001051.png,0.3159,-1.4922,0.0031,-2.2824,t_junction
001052.png,0.3162,-1.4919,0.0031,-2.298,t_junction
001053.png,0.3163,-1.4917,0.0031,-2.3109,t_junction
001054.png,0.3165,-1.4915,0.0031,-2.3239,t_junction
001055.png,0.3167,-1.4913,0.0031,-2.3368,t_junction
001056.png,0.3169,-1.4911,0.0031,-2.3497,t_junction
001057.png,0.3167,-1.4914,0.0031,-2.369,t_junction
001058.png,0.3151,-1.4928,0.0031,-2.4231,t_junction
001059.png,0.3132,-1.4943,0.0031,-2.5333,t_junction
001060.png,0.3118,-1.4952,0.0031,-2.7032,t_junction
001061.png,0.3105,-1.4957,0.0031,-2.9231,t_junction
001062.png,0.3089,-1.4958,0.0031,3.061,t_junction
001063.png,0.3075,-1.4956,0.0031,2.7996,t_junction
001064.png,0.3066,-1.4952,0.0031,2.5349,t_junction
001065.png,0.3062,-1.4948,0.0031,2.2711,t_junction
001066.png,0.306,-1.4945,0.0031,2.0122,t_junction
001067.png,0.3058,-1.4941,0.0031,1.7442,t_junction
001068.png,0.3059,-1.4945,0.0031,1.4561,t_junction
001069.png,0.3057,-1.4953,0.0031,1.1559,t_junction
001070.png,0.3052,-1.496,0.0031,0.8493,t_junction
001071.png,0.3046,-1.4965,0.0031,0.5412,t_junction
001072.png,0.3046,-1.4965,0.0031,0.5349,t_junction
001073.png,0.3046,-1.4965,0.0031,0.5296,t_junction
001074.png,0.3047,-1.4965,0.0031,0.5244,t_junction
001075.png,0.3047,-1.4965,0.0031,0.5191,t_junction
001076.png,0.3047,-1.4965,0.0031,0.5138,t_junction
001077.png,0.3047,-1.4965,0.0031,0.5086,t_junction
001078.png,0.3044,-1.4967,0.0031,0.5049,t_junction
001079.png,0.3018,-1.4981,0.0031,0.509,t_junction
001080.png,0.2947,-1.5021,0.0031,0.5194,t_junction
001081.png,0.2857,-1.5073,0.0031,0.5309,t_junction
001082.png,0.2852,-1.5076,0.0031,0.5299,t_junction
001083.png,0.2848,-1.5079,0.0031,0.5291,t_junction
001084.png,0.2847,-1.5079,0.0031,0.5293,t_junction
001085.png,0.288,-1.506,0.0031,0.5324,t_junction
001086.png,0.2957,-1.5014,0.0031,0.5401,t_junction
001087.png,0.3078,-1.4941,0.0031,0.5459,t_junction
001088.png,0.3226,-1.4851,0.0031,0.55,t_junction
001089.png,-0.2951,-0.8789,0.0031,0.9209,crossroad
001090.png,-0.2963,-0.8804,0.0031,0.9205,crossroad
001091.png,-0.2974,-0.8819,0.0031,0.9201,crossroad
001092.png,-0.2985,-0.8834,0.0031,0.9197,crossroad
001093.png,-0.2996,-0.8848,0.0031,0.9192,crossroad
001094.png,-0.301,-0.8866,0.0031,0.9187,crossroad
001095.png,-0.3017,-0.8875,0.0031,0.9185,crossroad
001096.png,-0.3017,-0.8875,0.0031,0.9185,crossroad
001097.png,-0.3017,-0.8875,0.0031,0.9185,crossroad
001098.png,-0.3017,-0.8875,0.0031,0.9185,crossroad
001099.png,-0.3017,-0.8875,0.0031,0.9185,crossroad
001100.png,-0.3017,-0.8875,0.0031,0.9185,crossroad
001101.png,-0.3017,-0.8875,0.0031,0.9185,crossroad
001102.png,-0.3017,-0.8875,0.0031,0.9185,crossroad
001103.png,-0.3017,-0.8875,0.0031,0.9185,crossroad
001104.png,-0.3017,-0.8875,0.0031,0.9185,crossroad
001105.png,-0.3017,-0.8875,0.0031,0.9185,crossroad
001106.png,-0.3017,-0.8875,0.0031,0.9185,crossroad
001107.png,-0.3016,-0.8874,0.0031,0.9136,crossroad
001108.png,-0.3007,-0.8863,0.0031,0.8733,crossroad
001109.png,-0.2995,-0.8849,0.0031,0.7753,crossroad
001110.png,-0.2981,-0.8837,0.0031,0.6095,crossroad
001111.png,-0.2969,-0.883,0.0031,0.3712,crossroad
001112.png,-0.2966,-0.8829,0.0031,0.0763,crossroad
001113.png,-0.2972,-0.8828,0.0031,-0.3197,crossroad
001114.png,-0.2976,-0.8826,0.0031,-0.6626,crossroad
001115.png,-0.2978,-0.8825,0.0031,-1.0028,crossroad
001116.png,-0.2978,-0.8825,0.0031,-1.3358,crossroad
001117.png,-0.2978,-0.8823,0.0031,-1.6587,crossroad
001118.png,-0.2977,-0.8821,0.0031,-1.9725,crossroad
001119.png,-0.2978,-0.8822,0.0031,-2.2774,crossroad
001120.png,-0.2978,-0.8822,0.0031,-2.5739,crossroad
001121.png,-0.2983,-0.8825,0.0031,-2.8706,crossroad
001122.png,-0.2988,-0.8825,0.0031,3.1112,crossroad
001123.png,-0.2988,-0.8826,0.0031,2.6912,crossroad
001124.png,-0.2981,-0.8831,0.0031,2.3924,crossroad
001125.png,-0.298,-0.8831,0.0031,2.0948,crossroad
001126.png,-0.2983,-0.8824,0.0031,1.7976,crossroad
001127.png,-0.2983,-0.8822,0.0031,1.5024,crossroad
001128.png,-0.2984,-0.8826,0.0031,1.2054,crossroad
001129.png,-0.2988,-0.8832,0.0031,0.9065,crossroad
001130.png,-0.2996,-0.884,0.0031,0.6072,crossroad
001131.png,-0.3001,-0.8843,0.0031,0.3088,crossroad
001132.png,-0.3002,-0.8844,0.0031,0.0119,crossroad
001133.png,-0.3005,-0.8843,0.0031,-0.3438,crossroad
001134.png,-0.3015,-0.8838,0.0031,-0.6399,crossroad
001135.png,-0.302,-0.8833,0.0031,-0.932,crossroad
001136.png,-0.3022,-0.8831,0.0031,-1.2233,crossroad
001137.png,-0.3023,-0.8827,0.0031,-1.5154,crossroad
001138.png,-0.3023,-0.8826,0.0031,-1.81,crossroad
001139.png,-0.3022,-0.8824,0.0031,-2.1032,crossroad
001140.png,-0.3023,-0.8826,0.0031,-2.3925,crossroad
001141.png,-0.3029,-0.883,0.0031,-2.6848,crossroad
001142.png,-0.3037,-0.8833,0.0031,-2.9799,crossroad
001143.png,-0.3052,-0.8833,0.0031,2.9484,crossroad
001144.png,-0.3066,-0.8828,0.0031,2.6504,crossroad
001145.png,-0.3072,-0.8825,0.0031,2.3507,crossroad
001146.png,-0.3072,-0.8824,0.0031,2.0522,crossroad
001147.png,-0.3071,-0.8827,0.0031,1.7567,crossroad
001148.png,-0.3071,-0.883,0.0031,1.4632,crossroad
001149.png,-0.3071,-0.8831,0.0031,1.171,crossroad
001150.png,-0.3075,-0.8837,0.0031,0.8748,crossroad
001151.png,-0.3082,-0.8844,0.0031,0.5775,crossroad
001152.png,-0.3091,-0.8848,0.0031,0.2791,crossroad
001153.png,-0.3103,-0.885,0.0031,-0.08,crossroad
001154.png,-0.3108,-0.8849,0.0031,-0.3766,crossroad
001155.png,-0.3115,-0.8845,0.0031,-0.6725,crossroad
001156.png,-0.3121,-0.884,0.0031,-0.9688,crossroad
001157.png,-0.3124,-0.8834,0.0031,-1.2669,crossroad
001158.png,-0.3125,-0.8826,0.0031,-1.5636,crossroad
001159.png,-0.3124,-0.8818,0.0031,-1.8582,crossroad
001160.png,-0.3122,-0.8813,0.0031,-2.1524,crossroad
001161.png,-0.3115,-0.8805,0.0031,-2.4464,crossroad
001162.png,-0.3108,-0.88,0.0031,-2.7393,crossroad
001163.png,-0.3095,-0.8797,0.0031,-3.0923,crossroad
001164.png,-0.3092,-0.8797,0.0031,2.8962,crossroad
001165.png,-0.3094,-0.8797,0.0031,2.5972,crossroad
001166.png,-0.3097,-0.8794,0.0031,2.2989,crossroad
001167.png,-0.3101,-0.8787,0.0031,2.0049,crossroad
001168.png,-0.3101,-0.8789,0.0031,1.9417,crossroad
001169.png,-0.3099,-0.8793,0.0031,1.9356,crossroad
001170.png,-0.3098,-0.8797,0.0031,1.9295,crossroad
001171.png,-0.3096,-0.8801,0.0031,1.9234,crossroad
001172.png,-0.3095,-0.8805,0.0031,1.9172,crossroad
001173.png,-0.3093,-0.8809,0.0031,1.9111,crossroad
001174.png,-0.3092,-0.8813,0.0031,1.905,crossroad
001175.png,-0.3091,-0.8817,0.0031,1.8989,crossroad
001176.png,-0.3089,-0.8821,0.0031,1.8928,crossroad
001177.png,-0.3088,-0.8825,0.0031,1.8867,crossroad
001178.png,-0.3087,-0.8829,0.0031,1.8806,crossroad
001179.png,-0.3085,-0.8833,0.0031,1.8745,crossroad
001180.png,-0.3084,-0.8837,0.0031,1.8684,crossroad
001181.png,-0.3083,-0.8841,0.0031,1.8623,crossroad
001182.png,-0.3082,-0.8845,0.0031,1.8562,crossroad
001183.png,-0.308,-0.885,0.0031,1.8489,crossroad
001184.png,-0.3079,-0.8854,0.0031,1.8428,crossroad
001185.png,-0.3078,-0.8858,0.0031,1.8366,crossroad
001186.png,-0.3077,-0.8862,0.0031,1.8305,crossroad
001187.png,-0.3076,-0.8866,0.0031,1.8244,crossroad
001188.png,-0.3075,-0.887,0.0031,1.8183,crossroad
001189.png,-0.3074,-0.8874,0.0031,1.8122,crossroad
001190.png,-0.3073,-0.8878,0.0031,1.8061,crossroad
001191.png,-0.3072,-0.8882,0.0031,1.8,crossroad
001192.png,-0.3071,-0.8887,0.0031,1.7939,crossroad
001193.png,-0.307,-0.8891,0.0031,1.7866,crossroad
001194.png,-0.3069,-0.8896,0.0031,1.7805,crossroad
001195.png,-0.3068,-0.89,0.0031,1.7744,crossroad
001196.png,-0.3067,-0.8904,0.0031,1.7683,crossroad
001197.png,-0.3066,-0.8908,0.0031,1.7622,crossroad
001198.png,-0.3066,-0.8912,0.0031,1.7561,crossroad
001199.png,-0.3065,-0.8916,0.0031,1.75,crossroad
001200.png,-0.3064,-0.892,0.0031,1.7438,crossroad
001201.png,-0.3063,-0.8925,0.0031,1.7377,crossroad
001202.png,-0.3063,-0.8929,0.0031,1.7316,crossroad
001203.png,-0.3062,-0.8934,0.0031,1.7243,crossroad
001204.png,-0.3061,-0.8938,0.0031,1.7182,crossroad
001205.png,-0.3061,-0.8942,0.0031,1.7121,crossroad
001206.png,-0.306,-0.8946,0.0031,1.706,crossroad
001207.png,-0.3059,-0.8951,0.0031,1.6999,crossroad
001208.png,-0.3059,-0.8955,0.0031,1.6938,crossroad
001209.png,-0.3058,-0.8959,0.0031,1.6877,crossroad
001210.png,-0.3058,-0.8963,0.0031,1.6816,crossroad
001211.png,-0.3057,-0.8967,0.0031,1.6755,crossroad
001212.png,-0.3057,-0.8972,0.0031,1.6694,crossroad
001213.png,-0.3057,-0.8977,0.0031,1.662,crossroad
001214.png,-0.3056,-0.8981,0.0031,1.6559,crossroad
001215.png,-0.3056,-0.8985,0.0031,1.6498,crossroad
001216.png,-0.3056,-0.8989,0.0031,1.6437,crossroad
001217.png,-0.3055,-0.8993,0.0031,1.6376,crossroad
001218.png,-0.3055,-0.8998,0.0031,1.6315,crossroad
001219.png,-0.3055,-0.9002,0.0031,1.6254,crossroad
001220.png,-0.3054,-0.9006,0.0031,1.6193,crossroad
001221.png,-0.3054,-0.901,0.0031,1.6132,crossroad
001222.png,-0.3054,-0.9014,0.0031,1.6071,crossroad
001223.png,-0.3054,-0.902,0.0031,1.5997,crossroad
001224.png,-0.3054,-0.9024,0.0031,1.5936,crossroad
001225.png,-0.3054,-0.9028,0.0031,1.5875,crossroad
001226.png,-0.3054,-0.9032,0.0031,1.5814,crossroad
001227.png,-0.3054,-0.9036,0.0031,1.5753,crossroad
001228.png,-0.3054,-0.9041,0.0031,1.5692,crossroad
001229.png,-0.3054,-0.9045,0.0031,1.5631,crossroad
001230.png,-0.3054,-0.9049,0.0031,1.557,crossroad
001231.png,-0.3054,-0.905,0.0031,1.5527,crossroad
001232.png,-0.3053,-0.9026,0.0031,1.5583,crossroad
001233.png,-0.3053,-0.8948,0.0031,1.5742,crossroad
001234.png,-0.3055,-0.8757,0.0031,1.5895,crossroad
001235.png,-0.3121,-0.3256,0.0031,1.562,crossroad
001236.png,-0.3121,-0.3231,0.0031,1.5596,crossroad
001237.png,-0.3121,-0.3207,0.0031,1.5572,crossroad
001238.png,-0.3121,-0.3182,0.0031,1.5548,crossroad
001239.png,-0.312,-0.3157,0.0031,1.5524,crossroad
001240.png,-0.312,-0.3132,0.0031,1.55,crossroad
001241.png,-0.3119,-0.3102,0.0031,1.5472,crossroad
001242.png,-0.3118,-0.3077,0.0031,1.5448,crossroad
001243.png,-0.3118,-0.3057,0.0031,1.5429,crossroad
001244.png,-0.3118,-0.3057,0.0031,1.5429,crossroad
001245.png,-0.3118,-0.3057,0.0031,1.5429,crossroad
001246.png,-0.3118,-0.3057,0.0031,1.5429,crossroad
001247.png,-0.3118,-0.3057,0.0031,1.5428,crossroad
001248.png,-0.3118,-0.3069,0.0031,1.544,crossroad
001249.png,-0.312,-0.3121,0.0031,1.5454,crossroad
001250.png,-0.3123,-0.325,0.0031,1.5477,crossroad
001251.png,-0.3121,-0.3062,0.0031,1.5631,crossroad
001252.png,-0.3119,-0.2733,0.0031,1.5684,crossroad
001253.png,-0.3099,-0.2943,0.0031,1.5857,crossroad
001254.png,-0.2879,0.8774,0.0031,2.6227,crossroad
001255.png,-0.3293,0.9008,0.0031,2.6336,crossroad
001256.png,-0.302,0.8864,0.0031,2.6498,crossroad
001257.png,-0.2822,0.8804,0.0031,2.5256,crossroad
001258.png,-0.2953,0.8898,0.0031,2.5259,crossroad
001259.png,-0.3105,0.9005,0.0031,2.5259,crossroad
001260.png,-0.3263,0.9119,0.0031,2.5333,crossroad
001261.png,-0.314,0.9033,0.0031,2.5288,crossroad
001262.png,-0.2994,0.893,0.0031,2.5263,crossroad
001263.png,-0.2991,0.8928,0.0031,2.5255,crossroad
001264.png,-0.2988,0.8925,0.0031,2.5247,crossroad
001265.png,-0.2985,0.8923,0.0031,2.524,crossroad
001266.png,-0.2982,0.8921,0.0031,2.5232,crossroad
001267.png,-0.2979,0.8919,0.0031,2.5224,crossroad
001268.png,-0.2975,0.8917,0.0031,2.5215,crossroad
001269.png,-0.2972,0.8915,0.0031,2.5207,crossroad
001270.png,-0.2969,0.8912,0.0031,2.5199,crossroad
001271.png,-0.2966,0.891,0.0031,2.5191,crossroad
001272.png,-0.2963,0.8908,0.0031,2.5183,crossroad
001273.png,-0.296,0.8906,0.0031,2.5175,crossroad
001274.png,-0.2957,0.8904,0.0031,2.5167,crossroad
001275.png,-0.2954,0.8902,0.0031,2.516,crossroad
001276.png,-0.2951,0.8899,0.0031,2.514,crossroad
001277.png,-0.2946,0.8896,0.0031,2.5081,crossroad
001278.png,-0.2944,0.8894,0.0031,2.488,crossroad
001279.png,-0.2952,0.8901,0.0031,2.4353,crossroad
001280.png,-0.2967,0.8914,0.0031,2.3179,crossroad
001281.png,-0.2975,0.8924,0.0031,2.1177,crossroad
001282.png,-0.2979,0.8933,0.0031,1.8569,crossroad
001283.png,-0.2981,0.8944,0.0031,1.5588,crossroad
001284.png,-0.2979,0.8957,0.0031,1.243,crossroad
001285.png,-0.2973,0.8969,0.0031,0.9263,crossroad
001286.png,-0.2968,0.8975,0.0031,0.6156,crossroad
001287.png,-0.2963,0.8977,0.0031,0.3139,crossroad
001288.png,-0.2962,0.8977,0.0031,-0.0334,crossroad
001289.png,-0.2963,0.8978,0.0031,-0.3076,crossroad
001290.png,-0.2969,0.898,0.0031,-0.5762,crossroad
001291.png,-0.2978,0.8987,0.0031,-0.8403,crossroad
001292.png,-0.2985,0.8997,0.0031,-1.1042,crossroad
001293.png,-0.2988,0.9006,0.0031,-1.3712,crossroad
001294.png,-0.2989,0.9009,0.0031,-1.6435,crossroad
001295.png,-0.2988,0.9011,0.0031,-1.9157,crossroad
001296.png,-0.2987,0.9013,0.0031,-2.1873,crossroad
001297.png,-0.298,0.902,0.0031,-2.458,crossroad
001298.png,-0.2968,0.9028,0.0031,-2.7803,crossroad
001299.png,-0.2962,0.903,0.0031,-3.0445,crossroad
001300.png,-0.2958,0.903,0.0031,2.9772,crossroad
001301.png,-0.2959,0.903,0.0031,2.7169,crossroad
001302.png,-0.2961,0.9032,0.0031,2.4543,crossroad
001303.png,-0.2966,0.9036,0.0031,2.1875,crossroad
001304.png,-0.2967,0.9038,0.0031,1.9208,crossroad
001305.png,-0.2966,0.9035,0.0031,1.6545,crossroad
001306.png,-0.2967,0.9035,0.0031,1.3854,crossroad
001307.png,-0.2966,0.9037,0.0031,1.117,crossroad
001308.png,-0.2961,0.9044,0.0031,0.8002,crossroad
001309.png,-0.2956,0.9048,0.0031,0.5391,crossroad
001310.png,-0.2952,0.905,0.0031,0.275,crossroad
001311.png,-0.2951,0.905,0.0031,0.0093,crossroad
001312.png,-0.2945,0.905,0.0031,-0.2552,crossroad
001313.png,-0.2938,0.9047,0.0031,-0.5214,crossroad
001314.png,-0.2936,0.9045,0.0031,-0.7878,crossroad
001315.png,-0.2933,0.9041,0.0031,-1.0541,crossroad
001316.png,-0.293,0.9034,0.0031,-1.3207,crossroad
001317.png,-0.2928,0.9024,0.0031,-1.5867,crossroad
001318.png,-0.293,0.901,0.0031,-1.9077,crossroad
001319.png,-0.2933,0.9003,0.0031,-2.1763,crossroad
001320.png,-0.294,0.8996,0.0031,-2.4431,crossroad
001321.png,-0.2942,0.8994,0.0031,-2.7104,crossroad
001322.png,-0.2946,0.8993,0.0031,-2.9783,crossroad
001323.png,-0.2947,0.8993,0.0031,3.0375,crossroad
001324.png,-0.2948,0.8993,0.0031,2.7738,crossroad
001325.png,-0.2952,0.8995,0.0031,2.5111,crossroad
001326.png,-0.295,0.8993,0.0031,2.2482,crossroad
001327.png,-0.2945,0.8985,0.0031,1.9839,crossroad
001328.png,-0.2945,0.8985,0.0031,1.667,crossroad
001329.png,-0.2945,0.8989,0.0031,1.4042,crossroad
001330.png,-0.2944,0.8993,0.0031,1.1429,crossroad
001331.png,-0.2943,0.8995,0.0031,0.8792,crossroad
001332.png,-0.2937,0.9,0.0031,0.6171,crossroad
001333.png,-0.2936,0.9,0.0031,0.5077,crossroad
001334.png,-0.2943,0.8997,0.0031,0.5012,crossroad
001335.png,-0.2949,0.8993,0.0031,0.4946,crossroad
001336.png,-0.2956,0.899,0.0031,0.4881,crossroad
001337.png,-0.2962,0.8986,0.0031,0.4816,crossroad
001338.png,-0.297,0.8982,0.0031,0.4738,crossroad
001339.png,-0.2977,0.8979,0.0031,0.4677,crossroad
001340.png,-0.2999,0.8968,0.0031,0.4638,crossroad
001341.png,-0.3053,0.8941,0.0031,0.4673,crossroad
001342.png,-0.3142,0.8895,0.0031,0.4733,crossroad
001343.png,-0.2821,0.2886,0.0031,-2.9081,crossroad
001344.png,-0.8798,-0.2926,0.0031,0.0235,crossroad
001345.png,0.3223,0.2983,0.0031,1.2489,crossroad
001346.png,0.3186,0.2798,0.0031,1.5422,crossroad
001347.png,0.2981,0.3165,0.0031,1.9394,crossroad
001348.png,0.2922,0.3245,0.0031,1.9386,crossroad
001349.png,0.2933,0.3215,0.0031,1.9388,crossroad
001350.png,0.2945,0.3185,0.0031,1.9389,crossroad
001351.png,0.2957,0.3154,0.0031,1.9391,crossroad
001352.png,0.2971,0.3118,0.0031,1.9393,crossroad
001353.png,0.2982,0.3088,0.0031,1.9395,crossroad
001354.png,0.2994,0.3058,0.0031,1.9397,crossroad
001355.png,0.3006,0.3028,0.0031,1.9398,crossroad
001356.png,0.3017,0.2997,0.0031,1.94,crossroad
001357.png,0.3029,0.2967,0.0031,1.9402,crossroad
001358.png,0.3041,0.2937,0.0031,1.9404,crossroad
001359.png,0.3052,0.2907,0.0031,1.9405,crossroad
001360.png,0.3064,0.2877,0.0031,1.9407,crossroad
001361.png,0.3076,0.2846,0.0031,1.9409,crossroad
001362.png,0.3087,0.2816,0.0031,1.9411,crossroad
001363.png,0.3087,0.2816,0.0031,1.9411,crossroad
001364.png,0.3087,0.2816,0.0031,1.9411,crossroad
001365.png,0.3087,0.2816,0.0031,1.9411,crossroad
001366.png,0.3087,0.2816,0.0031,1.9411,crossroad
001367.png,0.3087,0.2816,0.0031,1.9411,crossroad
001368.png,0.3087,0.2816,0.0031,1.9411,crossroad
001369.png,0.3087,0.2816,0.0031,1.9411,crossroad
001370.png,0.3087,0.2816,0.0031,1.9411,crossroad
001371.png,0.3087,0.2816,0.0031,1.9411,crossroad
001372.png,0.3087,0.2816,0.0031,1.9411,crossroad
001373.png,0.3087,0.2816,0.0031,1.9411,crossroad
001374.png,0.3089,0.2813,0.0031,1.9366,crossroad
001375.png,0.3087,0.2817,0.0031,1.9116,crossroad
001376.png,0.3083,0.2831,0.0031,1.8438,crossroad
001377.png,0.3079,0.2848,0.0031,1.7276,crossroad
001378.png,0.3078,0.2856,0.0031,1.5627,crossroad
001379.png,0.3078,0.2861,0.0031,1.3542,crossroad
001380.png,0.3078,0.286,0.0031,1.1084,crossroad
001381.png,0.3077,0.2859,0.0031,0.8301,crossroad
001382.png,0.3071,0.2855,0.0031,0.4648,crossroad
001383.png,0.3062,0.2851,0.0031,0.1512,crossroad
001384.png,0.3055,0.2851,0.0031,-0.1613,crossroad
001385.png,0.3051,0.2852,0.0031,-0.4696,crossroad
001386.png,0.3052,0.2851,0.0031,-0.7703,crossroad
001387.png,0.3058,0.2843,0.0031,-1.0618,crossroad
001388.png,0.3063,0.2834,0.0031,-1.3463,crossroad
001389.png,0.3064,0.2824,0.0031,-1.6234,crossroad
001390.png,0.3063,0.2821,0.0031,-1.898,crossroad
001391.png,0.3063,0.282,0.0031,-2.1687,crossroad
001392.png,0.3063,0.282,0.0031,-2.4415,crossroad
001393.png,0.3064,0.282,0.0031,-2.4473,crossroad
001394.png,0.3064,0.2821,0.0031,-2.4531,crossroad
001395.png,0.3064,0.2821,0.0031,-2.4589,crossroad
001396.png,0.3065,0.2821,0.0031,-2.4635,crossroad
001397.png,0.3065,0.2821,0.0031,-2.4635,crossroad
001398.png,0.3065,0.2821,0.0031,-2.4635,crossroad
001399.png,0.3065,0.2821,0.0031,-2.4635,crossroad
001400.png,0.3065,0.2821,0.0031,-2.4635,crossroad
001401.png,0.3065,0.2821,0.0031,-2.4635,crossroad
001402.png,0.3065,0.2821,0.0031,-2.4635,crossroad
001403.png,0.3066,0.2823,0.0031,-2.4628,crossroad
001404.png,0.3095,0.2846,0.0031,-2.4581,crossroad
001405.png,0.3198,0.2931,0.0031,-2.4506,crossroad
001406.png,0.2917,0.8836,0.0031,1.2213,crossroad
001407.png,0.306,0.9221,0.0031,1.21,crossroad
001408.png,0.3046,0.9182,0.0031,1.2102,crossroad
001409.png,0.2969,0.8981,0.0031,1.2053,crossroad
001410.png,0.2877,0.8734,0.0031,1.1824,crossroad
001411.png,0.2954,0.8922,0.0031,1.1826,crossroad
001412.png,0.2954,0.8923,0.0031,1.182,crossroad
001413.png,0.2955,0.8924,0.0031,1.1812,crossroad
001414.png,0.2955,0.8925,0.0031,1.1806,crossroad
001415.png,0.2955,0.8925,0.0031,1.1803,crossroad
001416.png,0.2953,0.892,0.0031,1.1808,crossroad
001417.png,0.2946,0.8903,0.0031,1.1831,crossroad
001418.png,0.2939,0.8884,0.0031,1.1852,crossroad
001419.png,0.2939,0.8884,0.0031,1.1852,crossroad
001420.png,0.2939,0.8884,0.0031,1.1852,crossroad
001421.png,0.2939,0.8884,0.0031,1.1852,crossroad
001422.png,0.2939,0.8884,0.0031,1.1852,crossroad
001423.png,0.2939,0.8884,0.0031,1.1852,crossroad
001424.png,0.294,0.8887,0.0031,1.1968,crossroad
001425.png,0.2942,0.8893,0.0031,1.253,crossroad
001426.png,0.2943,0.8898,0.0031,1.3568,crossroad
001427.png,0.2943,0.8899,0.0031,1.4928,crossroad
001428.png,0.2944,0.8901,0.0031,1.6562,crossroad
001429.png,0.2944,0.8901,0.0031,1.8488,crossroad
001430.png,0.2946,0.8895,0.0031,2.0706,crossroad
001431.png,0.2949,0.8891,0.0031,2.3224,crossroad
001432.png,0.2953,0.8887,0.0031,2.6564,crossroad
001433.png,0.2955,0.8886,0.0031,2.9058,crossroad
001434.png,0.2956,0.8886,0.0031,3.0335,crossroad
001435.png,0.2961,0.8886,0.0031,3.076,crossroad
001436.png,0.2961,0.8886,0.0031,3.1049,crossroad
001437.png,0.2961,0.8886,0.0031,3.1338,crossroad
001438.png,0.2961,0.8886,0.0031,-3.1206,crossroad
001439.png,0.2962,0.8886,0.0031,-3.0917,crossroad
001440.png,0.2962,0.8886,0.0031,-3.0628,crossroad
001441.png,0.2964,0.8886,0.0031,-3.0351,crossroad
001442.png,0.2978,0.8888,0.0031,-3.0074,crossroad
001443.png,0.299,0.8889,0.0031,-2.9843,crossroad
001444.png,0.3001,0.8891,0.0031,-2.9612,crossroad
001445.png,0.3011,0.8893,0.0031,-2.9302,crossroad
001446.png,0.301,0.8893,0.0031,-2.8448,crossroad
001447.png,0.3011,0.8893,0.0031,-2.6767,crossroad
001448.png,0.3013,0.8895,0.0031,-2.438,crossroad
001449.png,0.3017,0.8898,0.0031,-2.152,crossroad
001450.png,0.3018,0.8901,0.0031,-1.8368,crossroad
001451.png,0.3019,0.8906,0.0031,-1.5071,crossroad
001452.png,0.302,0.8906,0.0031,-1.104,crossroad
001453.png,0.3024,0.8899,0.0031,-0.7733,crossroad
001454.png,0.3029,0.8896,0.0031,-0.451,crossroad
001455.png,0.3035,0.8894,0.0031,-0.1401,crossroad
001456.png,0.3038,0.8893,0.0031,0.1657,crossroad
001457.png,0.3039,0.8894,0.0031,0.4625,crossroad
001458.png,0.3042,0.8895,0.0031,0.7512,crossroad
001459.png,0.3045,0.8899,0.0031,1.0364,crossroad
001460.png,0.3047,0.8905,0.0031,1.3239,crossroad
001461.png,0.3048,0.8911,0.0031,1.6167,crossroad
001462.png,0.3047,0.8919,0.0031,1.973,crossroad
001463.png,0.3044,0.8924,0.0031,2.2715,crossroad
001464.png,0.3043,0.8925,0.0031,2.5718,crossroad
001465.png,0.3045,0.8924,0.0031,2.6956,crossroad
001466.png,0.3045,0.8924,0.0031,2.7016,crossroad
001467.png,0.3045,0.8924,0.0031,2.7077,crossroad
001468.png,0.3045,0.8924,0.0031,2.7137,crossroad
001469.png,0.3045,0.8924,0.0031,2.7197,crossroad
001470.png,0.3045,0.8924,0.0031,2.7257,crossroad
001471.png,0.3045,0.8924,0.0031,2.7317,crossroad
001472.png,0.3045,0.8924,0.0031,2.739,crossroad
001473.png,0.3044,0.8924,0.0031,2.745,crossroad
001474.png,0.3044,0.8924,0.0031,2.756,crossroad
001475.png,0.3034,0.8928,0.0031,2.8063,crossroad
001476.png,0.3015,0.8934,0.0031,2.9128,crossroad
001477.png,0.299,0.8938,0.0031,3.0758,crossroad
001478.png,0.2976,0.8938,0.0031,-2.9925,crossroad
001479.png,0.2972,0.8937,0.0031,-2.7355,crossroad
001480.png,0.2972,0.8937,0.0031,-2.5031,crossroad
001481.png,0.2975,0.894,0.0031,-2.4887,crossroad
001482.png,0.2979,0.8943,0.0031,-2.4744,crossroad
001483.png,0.2983,0.8946,0.0031,-2.4572,crossroad
001484.png,0.2975,0.8939,0.0031,-2.4499,crossroad
001485.png,0.2912,0.8888,0.0031,-2.4571,crossroad
001486.png,-0.2983,0.3191,0.0031,-1.4637,crossroad
001487.png,-0.2947,0.2856,0.0031,-1.4678,crossroad
001488.png,-0.2993,0.2874,0.0031,-1.4192,crossroad
001489.png,-0.3045,0.3212,0.0031,-1.4206,crossroad
001490.png,-0.3213,0.3181,0.0031,-2.4312,crossroad
001491.png,-1.4779,-0.2889,0.0031,-2.5531,t_junction
001492.png,-1.5122,-0.3117,0.0031,-2.5539,t_junction
001493.png,-1.505,-0.3066,0.0031,-2.5484,t_junction
001494.png,-1.4926,-0.2982,0.0031,-2.5472,t_junction
001495.png,-1.4914,-0.2974,0.0031,-2.5469,t_junction
001496.png,-1.4902,-0.2966,0.0031,-2.5466,t_junction
001497.png,-1.4889,-0.2957,0.0031,-2.5463,t_junction
001498.png,-1.4877,-0.2949,0.0031,-2.546,t_junction
001499.png,-1.4865,-0.2941,0.0031,-2.5457,t_junction
001500.png,-1.4852,-0.2932,0.0031,-2.5454,t_junction
001501.png,-1.484,-0.2924,0.0031,-2.5451,t_junction
001502.png,-1.4828,-0.2916,0.0031,-2.5448,t_junction
001503.png,-1.4815,-0.2907,0.0031,-2.5446,t_junction
001504.png,-1.4801,-0.2897,0.0031,-2.5442,t_junction
001505.png,-1.4794,-0.2893,0.0031,-2.5477,t_junction
001506.png,-1.481,-0.2903,0.0031,-2.5842,t_junction
001507.png,-1.4818,-0.2909,0.0031,-2.5941,t_junction
001508.png,-1.4827,-0.2914,0.0031,-2.6045,t_junction
001509.png,-1.4836,-0.2919,0.0031,-2.6148,t_junction
001510.png,-1.4845,-0.2924,0.0031,-2.6251,t_junction
001511.png,-1.4855,-0.293,0.0031,-2.6354,t_junction
001512.png,-1.4864,-0.2935,0.0031,-2.6457,t_junction
001513.png,-1.4873,-0.294,0.0031,-2.6561,t_junction
001514.png,-1.4884,-0.2945,0.0031,-2.6685,t_junction
001515.png,-1.4893,-0.295,0.0031,-2.6788,t_junction
001516.png,-1.4904,-0.2955,0.0031,-2.6936,t_junction
001517.png,-1.4917,-0.2961,0.0031,-2.7322,t_junction
001518.png,-1.4929,-0.2966,0.0031,-2.8081,t_junction
001519.png,-1.4944,-0.2971,0.0031,-2.9239,t_junction
001520.png,-1.4956,-0.2973,0.0031,-3.0835,t_junction
001521.png,-1.4959,-0.2973,0.0031,2.9993,t_junction
001522.png,-1.4961,-0.2972,0.0031,2.761,t_junction
001523.png,-1.496,-0.2973,0.0031,2.4888,t_junction
001524.png,-1.4956,-0.2978,0.0031,2.1262,t_junction
001525.png,-1.4952,-0.2985,0.0031,1.8029,t_junction
001526.png,-1.4952,-0.2994,0.0031,1.4711,t_junction
001527.png,-1.4953,-0.3003,0.0031,1.1396,t_junction
001528.png,-1.4957,-0.3008,0.0031,0.8135,t_junction
001529.png,-1.4955,-0.3007,0.0031,0.4958,t_junction
001530.png,-1.4947,-0.3004,0.0031,0.1884,t_junction
001531.png,-1.4935,-0.3003,0.0031,-0.1134,t_junction
001532.png,-1.4929,-0.3005,0.0031,-0.4116,t_junction
001533.png,-1.4927,-0.3006,0.0031,-0.705,t_junction
001534.png,-1.4926,-0.3007,0.0031,-1.0576,t_junction
001535.png,-1.4927,-0.3005,0.0031,-1.1215,t_junction
001536.png,-1.4928,-0.3003,0.0031,-1.1276,t_junction
001537.png,-1.4929,-0.3001,0.0031,-1.1338,t_junction
001538.png,-1.493,-0.2998,0.0031,-1.1399,t_junction
001539.png,-1.4931,-0.2996,0.0031,-1.1461,t_junction
001540.png,-1.4932,-0.2993,0.0031,-1.1522,t_junction
001541.png,-1.4933,-0.2991,0.0031,-1.1583,t_junction
001542.png,-1.4934,-0.2988,0.0031,-1.1645,t_junction
001543.png,-1.4935,-0.2986,0.0031,-1.1706,t_junction
001544.png,-1.4937,-0.2983,0.0031,-1.1784,t_junction
001545.png,-1.4935,-0.2986,0.0031,-1.2084,t_junction
001546.png,-1.493,-0.3003,0.0031,-1.3044,t_junction
001547.png,-1.4925,-0.3025,0.0031,-1.4883,t_junction
001548.png,-1.4926,-0.3045,0.0031,-1.7479,t_junction
001549.png,-1.4932,-0.3065,0.0031,-2.0599,t_junction
001550.png,-1.4939,-0.3076,0.0031,-2.3998,t_junction
001551.png,-1.4936,-0.3074,0.0031,-2.7506,t_junction
001552.png,-1.4932,-0.3073,0.0031,-2.826,t_junction
001553.png,-1.4928,-0.3071,0.0031,-2.8337,t_junction
001554.png,-1.4923,-0.307,0.0031,-2.843,t_junction
001555.png,-1.491,-0.3066,0.0031,-2.8463,t_junction
001556.png,-1.485,-0.3047,0.0031,-2.8453,t_junction
001557.png,-1.4751,0.3137,0.0031,-2.6369,t_junction
001558.png,-1.4854,0.3079,0.0031,-2.6363,t_junction
001559.png,-1.4863,0.3075,0.0031,-2.6378,t_junction
001560.png,-1.4871,0.307,0.0031,-2.6393,t_junction
001561.png,-1.4879,0.3066,0.0031,-2.6408,t_junction
001562.png,-1.4888,0.3061,0.0031,-2.6423,t_junction
001563.png,-1.4896,0.3056,0.0031,-2.6439,t_junction
001564.png,-1.4904,0.3052,0.0031,-2.6454,t_junction
001565.png,-1.4912,0.3047,0.0031,-2.6469,t_junction
001566.png,-1.4922,0.3042,0.0031,-2.6487,t_junction
001567.png,-1.493,0.3038,0.0031,-2.6508,t_junction
001568.png,-1.4937,0.3034,0.0031,-2.663,t_junction
001569.png,-1.495,0.3028,0.0031,-2.7122,t_junction
001570.png,-1.4962,0.3023,0.0031,-2.8101,t_junction
001571.png,-1.4974,0.302,0.0031,-2.9567,t_junction
001572.png,-1.499,0.3018,0.0031,3.1341,t_junction
001573.png,-1.5001,0.3018,0.0031,2.9025,t_junction
001574.png,-1.5011,0.3022,0.0031,2.635,t_junction
001575.png,-1.5025,0.3032,0.0031,2.3331,t_junction
001576.png,-1.5035,0.3047,0.0031,1.944,t_junction
001577.png,-1.5038,0.306,0.0031,1.6157,t_junction
001578.png,-1.5038,0.3066,0.0031,1.2909,t_junction
001579.png,-1.504,0.3061,0.0031,0.97,t_junction
001580.png,-1.5046,0.3055,0.0031,0.6513,t_junction
001581.png,-1.5057,0.3048,0.0031,0.3397,t_junction
001582.png,-1.507,0.3045,0.0031,0.0323,t_junction
001583.png,-1.5078,0.3046,0.0031,-0.2732,t_junction
001584.png,-1.5087,0.305,0.0031,-0.5759,t_junction
001585.png,-1.5094,0.3056,0.0031,-0.8755,t_junction
001586.png,-1.5095,0.3056,0.0031,-1.1149,t_junction
001587.png,-1.5094,0.3054,0.0031,-1.1191,t_junction
001588.png,-1.5093,0.3052,0.0031,-1.1234,t_junction
001589.png,-1.5092,0.3051,0.0031,-1.1276,t_junction
001590.png,-1.5091,0.3049,0.0031,-1.1319,t_junction
001591.png,-1.5091,0.3047,0.0031,-1.1361,t_junction
001592.png,-1.509,0.3045,0.0031,-1.1404,t_junction
001593.png,-1.5089,0.3044,0.0031,-1.1446,t_junction
001594.png,-1.5088,0.3042,0.0031,-1.1489,t_junction
001595.png,-1.5087,0.304,0.0031,-1.1531,t_junction
001596.png,-1.5087,0.3038,0.0031,-1.1582,t_junction
001597.png,-1.5086,0.3037,0.0031,-1.1624,t_junction
001598.png,-1.5082,0.3029,0.0031,-1.1425,t_junction
001599.png,-1.5075,0.3013,0.0031,-1.0641,t_junction
001600.png,-1.5059,0.2989,0.0031,-0.9004,t_junction
001601.png,-1.5043,0.2972,0.0031,-0.6601,t_junction
001602.png,-1.5028,0.2962,0.0031,-0.3612,t_junction
001603.png,-1.5012,0.2959,0.0031,-0.0281,t_junction
001604.png,-1.4996,0.296,0.0031,0.317,t_junction
001605.png,-1.4985,0.2965,0.0031,0.6626,t_junction
001606.png,-1.4981,0.2969,0.0031,0.9351,t_junction
001607.png,-1.4982,0.2967,0.0031,0.942,t_junction
001608.png,-1.4983,0.2965,0.0031,0.949,t_junction
001609.png,-1.4982,0.2967,0.0031,0.9541,t_junction
001610.png,-1.4962,0.2995,0.0031,0.9423,t_junction
001611.png,-1.4912,0.3062,0.0031,0.9058,t_junction
001612.png,-1.482,0.3173,0.0031,0.8383,t_junction
001613.png,0.3177,-0.2795,0.0031,-2.6143,crossroad
001614.png,0.3167,-0.28,0.0031,-2.616,crossroad
001615.png,0.3159,-0.2805,0.0031,-2.6174,crossroad
001616.png,0.3151,-0.281,0.0031,-2.6188,crossroad
001617.png,0.3142,-0.2815,0.0031,-2.6201,crossroad
001618.png,0.3131,-0.2821,0.0031,-2.6221,crossroad
001619.png,0.3127,-0.2823,0.0031,-2.6142,crossroad
001620.png,0.311,-0.2834,0.0031,-2.5688,crossroad
001621.png,0.3093,-0.2845,0.0031,-2.476,crossroad
001622.png,0.3081,-0.2856,0.0031,-2.3315,crossroad
001623.png,0.3076,-0.2862,0.0031,-2.137,crossroad
001624.png,0.3069,-0.2875,0.0031,-1.8989,crossroad
001625.png,0.3066,-0.2892,0.0031,-1.6206,crossroad
001626.png,0.3066,-0.2905,0.0031,-1.3106,crossroad
001627.png,0.3068,-0.291,0.0031,-0.9824,crossroad
001628.png,0.3068,-0.2909,0.0031,-0.9028,crossroad
001629.png,0.3067,-0.2909,0.0031,-0.8907,crossroad
001630.png,0.3067,-0.2908,0.0031,-0.8787,crossroad
001631.png,0.3066,-0.2908,0.0031,-0.8667,crossroad
001632.png,0.3066,-0.2907,0.0031,-0.8547,crossroad
001633.png,0.3066,-0.2907,0.0031,-0.8426,crossroad
001634.png,0.3065,-0.2906,0.0031,-0.8306,crossroad
001635.png,0.3065,-0.2906,0.0031,-0.8186,crossroad
001636.png,0.3064,-0.2905,0.0031,-0.8066,crossroad
001637.png,0.3061,-0.2902,0.0031,-0.7887,crossroad
001638.png,0.306,-0.2901,0.0031,-0.7428,crossroad
001639.png,0.3064,-0.2904,0.0031,-0.64,crossroad
001640.png,0.3089,-0.292,0.0031,-0.4693,crossroad
001641.png,0.3177,-0.2953,0.0031,-0.2308,crossroad
001642.png,1.4929,0.2717,0.0031,1.0949,t_junction
001643.png,1.4933,0.2725,0.0031,1.1066,t_junction
001644.png,1.4938,0.2736,0.0031,1.1611,t_junction
001645.png,1.4944,0.2751,0.0031,1.2803,t_junction
001646.png,1.4946,0.2763,0.0031,1.4729,t_junction
001647.png,1.4947,0.2777,0.0031,1.7359,t_junction
001648.png,1.4944,0.2787,0.0031,2.0492,t_junction
001649.png,1.4942,0.2791,0.0031,2.3872,t_junction
001650.png,1.4951,0.2784,0.0031,2.733,t_junction
001651.png,1.4964,0.278,0.0031,3.0752,t_junction
001652.png,1.4974,0.2781,0.0031,-2.7472,t_junction
001653.png,1.4981,0.2785,0.0031,-2.4261,t_junction
001654.png,1.4988,0.2793,0.0031,-2.1126,t_junction
001655.png,1.4992,0.2801,0.0031,-1.804,t_junction
001656.png,1.4992,0.2808,0.0031,-1.4975,t_junction
001657.png,1.4991,0.2813,0.0031,-1.1958,t_junction
001658.png,1.4989,0.2817,0.0031,-0.8956,t_junction
001659.png,1.4985,0.2821,0.0031,-0.5967,t_junction
001660.png,1.4983,0.2822,0.0031,-0.2965,t_junction
001661.png,1.4986,0.2822,0.0031,0.0027,t_junction
001662.png,1.4993,0.2823,0.0031,0.3584,t_junction
001663.png,1.4991,0.2822,0.0031,0.6505,t_junction
001664.png,1.4988,0.2819,0.0031,0.9419,t_junction
001665.png,1.4985,0.2814,0.0031,1.2337,t_junction
001666.png,1.4984,0.2809,0.0031,1.5265,t_junction
001667.png,1.4985,0.2801,0.0031,1.8203,t_junction
001668.png,1.4988,0.2792,0.0031,2.1158,t_junction
001669.png,1.4993,0.2786,0.0031,2.4141,t_junction
001670.png,1.4997,0.2783,0.0031,2.7121,t_junction
001671.png,1.4995,0.2784,0.0031,3.0103,t_junction
001672.png,1.4983,0.2783,0.0031,-2.912,t_junction
001673.png,1.4972,0.278,0.0031,-2.6104,t_junction
001674.png,1.4965,0.2774,0.0031,-2.3061,t_junction
001675.png,1.4963,0.2772,0.0031,-2.0027,t_junction
001676.png,1.4963,0.277,0.0031,-1.6975,t_junction
001677.png,1.4963,0.2768,0.0031,-1.3948,t_junction
001678.png,1.4965,0.2761,0.0031,-1.0945,t_junction
001679.png,1.4967,0.2758,0.0031,-0.7968,t_junction
001680.png,1.4964,0.276,0.0031,-0.5027,t_junction
001681.png,1.496,0.2761,0.0031,-0.2131,t_junction
001682.png,1.4946,0.2762,0.0031,0.1864,t_junction
001683.png,1.4935,0.2758,0.0031,0.4717,t_junction
001684.png,1.4929,0.2754,0.0031,0.7638,t_junction
001685.png,1.4925,0.275,0.0031,1.0573,t_junction
001686.png,1.4924,0.2746,0.0031,1.3541,t_junction
001687.png,1.4923,0.2739,0.0031,1.6556,t_junction
001688.png,1.4924,0.2731,0.0031,1.9615,t_junction
001689.png,1.4926,0.2729,0.0031,2.2685,t_junction
001690.png,1.4929,0.2726,0.0031,2.5741,t_junction
001691.png,1.4928,0.2726,0.0031,2.8768,t_junction
001692.png,1.4926,0.2727,0.0031,3.062,t_junction
001693.png,1.4927,0.2727,0.0031,3.0689,t_junction
001694.png,1.4927,0.2727,0.0031,3.0758,t_junction
001695.png,1.4927,0.2727,0.0031,3.0827,t_junction
001696.png,1.4927,0.2727,0.0031,3.0896,t_junction
001697.png,1.4927,0.2727,0.0031,3.0965,t_junction
001698.png,1.4928,0.2727,0.0031,3.1034,t_junction
001699.png,1.4928,0.2727,0.0031,3.1103,t_junction
001700.png,1.4928,0.2727,0.0031,3.1187,t_junction
001701.png,1.4913,0.2727,0.0031,-3.1139,t_junction
001702.png,1.4884,0.2724,0.0031,-2.9843,t_junction
001703.png,0.31,0.323,0.0031,2.7277,crossroad
001704.png,0.3096,0.3232,0.0031,2.7278,crossroad
001705.png,0.3092,0.3234,0.0031,2.7279,crossroad
001706.png,0.3088,0.3236,0.0031,2.7279,crossroad
001707.png,0.308,0.3239,0.0031,2.7391,crossroad
001708.png,0.3064,0.3246,0.0031,2.7932,crossroad
001709.png,0.3038,0.3253,0.0031,2.9455,crossroad
001710.png,0.3011,0.3257,0.0031,-3.1299,crossroad
001711.png,0.2984,0.3254,0.0031,-2.8527,crossroad
001712.png,0.2969,0.3247,0.0031,-2.5273,crossroad
001713.png,0.2964,0.3243,0.0031,-2.1805,crossroad
001714.png,0.2966,0.3245,0.0031,-1.8302,crossroad
001715.png,0.2966,0.3245,0.0031,-1.4834,crossroad
001716.png,0.2965,0.3247,0.0031,-1.1471,crossroad
001717.png,0.2967,0.3244,0.0031,-0.8206,crossroad
001718.png,0.297,0.3242,0.0031,-0.3795,crossroad
001719.png,0.297,0.3242,0.0031,-0.073,crossroad
001720.png,0.297,0.3242,0.0031,0.2312,crossroad
001721.png,0.2971,0.3242,0.0031,0.5325,crossroad
001722.png,0.2977,0.3247,0.0031,0.8314,crossroad
001723.png,0.2984,0.3256,0.0031,1.1275,crossroad
001724.png,0.2987,0.3266,0.0031,1.4196,crossroad
001725.png,0.2988,0.3274,0.0031,1.7117,crossroad
001726.png,0.2987,0.3278,0.0031,2.0042,crossroad
001727.png,0.2983,0.3284,0.0031,2.2987,crossroad
001728.png,0.2974,0.3291,0.0031,2.6522,crossroad
001729.png,0.2966,0.3294,0.0031,2.9466,crossroad
001730.png,0.296,0.3295,0.0031,-3.0406,crossroad
001731.png,0.2959,0.3295,0.0031,-2.7434,crossroad
001732.png,0.296,0.3295,0.0031,-2.4466,crossroad
001733.png,0.296,0.3295,0.0031,-2.1539,crossroad
001734.png,-0.3168,0.9225,0.0031,-1.9579,crossroad
001735.png,-0.3251,0.9026,0.0031,-1.9736,crossroad
001736.png,-0.3282,0.8953,0.0031,-1.586,crossroad
001737.png,-0.3283,0.8902,0.0031,-1.627,crossroad
001738.png,-0.3283,0.8902,0.0031,-1.627,crossroad
001739.png,-0.3283,0.8902,0.0031,-1.627,crossroad
001740.png,-0.3283,0.8902,0.0031,-1.627,crossroad
001741.png,-0.3283,0.8903,0.0031,-1.6268,crossroad
001742.png,-0.3283,0.8908,0.0031,-1.6268,crossroad
001743.png,-0.3283,0.8913,0.0031,-1.6272,crossroad
001744.png,-0.3282,0.8918,0.0031,-1.6276,crossroad
001745.png,-0.3282,0.8922,0.0031,-1.6275,crossroad
001746.png,-0.3282,0.8924,0.0031,-1.615,crossroad
001747.png,-0.3282,0.8922,0.0031,-1.5581,crossroad
001748.png,-0.3282,0.8915,0.0031,-1.4408,crossroad
001749.png,-0.328,0.8907,0.0031,-1.2535,crossroad
001750.png,-0.328,0.8906,0.0031,-0.9966,crossroad
001751.png,-0.328,0.8905,0.0031,-0.6893,crossroad
001752.png,-0.3276,0.8903,0.0031,-0.3557,crossroad
001753.png,-0.3271,0.8902,0.0031,-0.0147,crossroad
001754.png,-0.3261,0.8904,0.0031,0.4573,crossroad
001755.png,-0.3259,0.8905,0.0031,0.784,crossroad
001756.png,-0.3257,0.8908,0.0031,1.0975,crossroad
001757.png,-0.3256,0.891,0.0031,1.4022,crossroad
001758.png,-0.3256,0.8913,0.0031,1.7019,crossroad
001759.png,-0.3256,0.8915,0.0031,1.9976,crossroad
001760.png,-0.3256,0.8915,0.0031,2.2918,crossroad
001761.png,-0.3259,0.8918,0.0031,2.5855,crossroad
001762.png,-0.3257,0.8917,0.0031,2.8812,crossroad
001763.png,-0.3257,0.8917,0.0031,-3.0497,crossroad
001764.png,-0.3257,0.8917,0.0031,-2.7545,crossroad
001765.png,-0.3256,0.8917,0.0031,-2.4573,crossroad
001766.png,-0.3258,0.8915,0.0031,-2.1601,crossroad
001767.png,-0.326,0.8912,0.0031,-1.8606,crossroad
001768.png,-0.3261,0.8908,0.0031,-1.5614,crossroad
001769.png,-0.326,0.8907,0.0031,-1.2594,crossroad
001770.png,-0.3258,0.8903,0.0031,-0.96,crossroad
001771.png,-0.3258,0.8902,0.0031,-0.6629,crossroad
001772.png,-0.3259,0.8903,0.0031,-0.3656,crossroad
001773.png,-0.3255,0.8902,0.0031,-0.0098,crossroad
001774.png,-0.3258,0.8902,0.0031,0.2891,crossroad
001775.png,-0.3261,0.89,0.0031,0.5877,crossroad
001776.png,-0.3266,0.8896,0.0031,0.8872,crossroad
001777.png,-0.3268,0.8893,0.0031,1.1837,crossroad
001778.png,-0.327,0.8888,0.0031,1.4771,crossroad
001779.png,-0.327,0.8893,0.0031,1.7723,crossroad
001780.png,-0.3273,0.8903,0.0031,2.069,crossroad
001781.png,-0.3279,0.8911,0.0031,2.3632,crossroad
001782.png,-0.3285,0.8916,0.0031,2.6577,crossroad
001783.png,0.2788,1.481,0.0031,0.1544,t_junction
001784.png,0.287,1.4823,0.0031,0.1669,t_junction
001785.png,0.287,1.4823,0.0031,0.1669,t_junction
001786.png,0.287,1.4823,0.0031,0.1669,t_junction
001787.png,0.287,1.4823,0.0031,0.1669,t_junction
001788.png,0.287,1.4823,0.0031,0.1669,t_junction
001789.png,0.2871,1.4823,0.0031,0.1621,t_junction
001790.png,0.2885,1.4825,0.0031,0.1209,t_junction
001791.png,0.2906,1.4827,0.0031,0.019,t_junction
001792.png,0.2943,1.4825,0.0031,-0.1512,t_junction
001793.png,0.2978,1.4816,0.0031,-0.3933,t_junction
001794.png,0.3006,1.4801,0.0031,-0.6943,t_junction
001795.png,0.3024,1.4782,0.0031,-1.03,t_junction
001796.png,0.3034,1.4755,0.0031,-1.4486,t_junction
001797.png,0.3034,1.4736,0.0031,-1.7946,t_junction
001798.png,0.3032,1.473,0.0031,-2.1342,t_junction
001799.png,0.3027,1.4725,0.0031,-2.4635,t_junction
001800.png,0.3023,1.4722,0.0031,-2.7845,t_junction
001801.png,0.3027,1.4723,0.0031,-3.0998,t_junction
001802.png,0.303,1.4722,0.0031,2.8759,t_junction
001803.png,0.3026,1.4724,0.0031,2.5715,t_junction
001804.png,0.3021,1.4728,0.0031,2.2672,t_junction
001805.png,0.302,1.473,0.0031,1.9671,t_junction
001806.png,0.3018,1.4737,0.0031,1.6104,t_junction
001807.png,0.3018,1.4739,0.0031,1.3123,t_junction
001808.png,0.3016,1.4735,0.0031,1.0146,t_junction
001809.png,0.3016,1.4734,0.0031,0.7171,t_junction
001810.png,0.3014,1.4732,0.0031,0.4203,t_junction
001811.png,0.3019,1.4734,0.0031,0.1239,t_junction
001812.png,0.3026,1.4734,0.0031,-0.1735,t_junction
001813.png,0.3033,1.4732,0.0031,-0.4686,t_junction
001814.png,0.3037,1.4729,0.0031,-0.7635,t_junction
001815.png,0.3038,1.4728,0.0031,-1.0607,t_junction
001816.png,0.3037,1.4732,0.0031,-1.4135,t_junction
001817.png,0.3037,1.4735,0.0031,-1.7052,t_junction
001818.png,0.3038,1.4739,0.0031,-1.9968,t_junction
001819.png,0.3039,1.4741,0.0031,-2.2891,t_junction
001820.png,0.3037,1.4739,0.0031,-2.5819,t_junction
001821.png,0.3036,1.4738,0.0031,-2.8816,t_junction
001822.png,0.3044,1.4739,0.0031,3.1012,t_junction
001823.png,0.3052,1.4738,0.0031,2.8018,t_junction
001824.png,0.306,1.4734,0.0031,2.5059,t_junction
001825.png,0.307,1.4725,0.0031,2.2144,t_junction
001826.png,0.3075,1.4716,0.0031,1.8625,t_junction
001827.png,0.3075,1.4715,0.0031,1.5656,t_junction
001828.png,-0.881,-0.3232,0.0031,0.0196,crossroad
001829.png,-0.8846,-0.3232,0.0031,0.0148,crossroad
001830.png,-0.8881,-0.3233,0.0031,0.0101,crossroad
001831.png,-0.8916,-0.3233,0.0031,0.0054,crossroad
001832.png,-0.8952,-0.3233,0.0031,0.0007,crossroad
001833.png,-0.8987,-0.3233,0.0031,-0.004,crossroad
001834.png,-0.9023,-0.3233,0.0031,-0.0087,crossroad
001835.png,-0.9058,-0.3233,0.0031,-0.0134,crossroad
001836.png,-0.9093,-0.3232,0.0031,-0.0181,crossroad
001837.png,-0.9129,-0.3231,0.0031,-0.0228,crossroad
001838.png,-0.9164,-0.3231,0.0031,-0.0276,crossroad
001839.png,-0.9185,-0.323,0.0031,-0.0252,crossroad
001840.png,-0.9172,-0.323,0.0031,-0.003,crossroad
001841.png,-0.9134,-0.3229,0.0031,0.063,crossroad
001842.png,-0.9092,-0.3225,0.0031,0.1912,crossroad
001843.png,-0.9048,-0.3212,0.0031,0.4431,crossroad
001844.png,-0.9028,-0.32,0.0031,0.725,crossroad
001845.png,-0.9013,-0.3182,0.0031,1.1158,crossroad
001846.png,-0.9009,-0.3169,0.0031,1.461,crossroad
001847.png,-0.9009,-0.316,0.0031,1.8081,crossroad
001848.png,-0.901,-0.3159,0.0031,2.1459,crossroad
001849.png,-0.9006,-0.3162,0.0031,2.4745,crossroad
001850.png,-0.8992,-0.317,0.0031,2.7899,crossroad
001851.png,-0.8974,-0.3174,0.0031,3.0977,crossroad
001852.png,-0.8955,-0.3173,0.0031,-2.883,crossroad
001853.png,-0.8939,-0.3166,0.0031,-2.5862,crossroad
001854.png,-0.8929,-0.3159,0.0031,-2.38,crossroad
001855.png,-0.8925,-0.3155,0.0031,-2.3103,crossroad
001856.png,-0.8925,-0.3155,0.0031,-2.2814,crossroad
001857.png,-0.8925,-0.3155,0.0031,-2.2756,crossroad
001858.png,-0.8925,-0.3155,0.0031,-2.2756,crossroad
001859.png,-0.8925,-0.3155,0.0031,-2.2756,crossroad
001860.png,-0.8925,-0.3155,0.0031,-2.2756,crossroad
001861.png,-0.8931,-0.3162,0.0031,-2.2873,crossroad
001862.png,-0.8943,-0.3175,0.0031,-2.3348,crossroad
001863.png,-0.8963,-0.3194,0.0031,-2.4818,crossroad
001864.png,-0.898,-0.3205,0.0031,-2.6665,crossroad
001865.png,-0.8997,-0.3212,0.0031,-2.922,crossroad
001866.png,-0.9008,-0.3213,0.0031,3.0524,crossroad
001867.png,-0.9015,-0.3212,0.0031,2.7161,crossroad
001868.png,-0.9021,-0.3208,0.0031,2.3717,crossroad
001869.png,-0.9023,-0.3206,0.0031,2.0312,crossroad
001870.png,-0.9024,-0.3202,0.0031,1.6977,crossroad
001871.png,-0.9024,-0.32,0.0031,1.3736,crossroad
001872.png,-0.9022,-0.3194,0.0031,1.0584,crossroad
001873.png,-0.902,-0.3191,0.0031,0.7628,crossroad
001874.png,-0.9019,-0.319,0.0031,0.5903,crossroad
001875.png,-0.9019,-0.319,0.0031,0.5333,crossroad
001876.png,-0.9009,-0.3184,0.0031,0.5108,crossroad
001877.png,-0.8981,-0.3169,0.0031,0.4983,crossroad
001878.png,-0.8924,-0.3137,0.0031,0.5029,crossroad
001879.png,-0.8824,-0.3081,0.0031,0.5264,crossroad
001880.png,0.2874,0.3271,0.0031,-1.3425,crossroad
001881.png,0.2874,0.3269,0.0031,-1.3496,crossroad
001882.png,0.2875,0.3266,0.0031,-1.3567,crossroad
001883.png,0.2875,0.3263,0.0031,-1.3624,crossroad
001884.png,0.2875,0.3263,0.0031,-1.3624,crossroad
001885.png,0.2875,0.3263,0.0031,-1.3624,crossroad
001886.png,0.2875,0.3263,0.0031,-1.3624,crossroad
001887.png,0.2876,0.3262,0.0031,-1.3621,crossroad
001888.png,0.2884,0.3225,0.0031,-1.3618,crossroad
001889.png,0.2912,0.3088,0.0031,-1.3645,crossroad
001890.png,0.2969,0.2815,0.0031,-1.3654,crossroad
001891.png,0.2872,-0.2768,0.0031,-2.3664,crossroad
001892.png,0.2793,-0.284,0.0031,-2.4711,crossroad
001893.png,-0.2793,0.2784,0.0031,2.5017,crossroad
001894.png,-0.2921,0.2879,0.0031,2.5057,crossroad
001895.png,-0.293,0.2886,0.0031,2.5055,crossroad
001896.png,-0.2937,0.2891,0.0031,2.5054,crossroad
001897.png,-0.2945,0.2896,0.0031,2.5053,crossroad
001898.png,-0.2952,0.2902,0.0031,2.5052,crossroad
001899.png,-0.2959,0.2907,0.0031,2.5051,crossroad
001900.png,-0.2967,0.2913,0.0031,2.5049,crossroad
001901.png,-0.2972,0.2916,0.0031,2.5033,crossroad
001902.png,-0.2978,0.2921,0.0031,2.4836,crossroad
001903.png,-0.2986,0.2928,0.0031,2.414,crossroad
001904.png,-0.2993,0.2934,0.0031,2.2775,crossroad
001905.png,-0.2997,0.2941,0.0031,2.0176,crossroad
001906.png,-0.2999,0.2945,0.0031,1.7312,crossroad
001907.png,-0.2999,0.2942,0.0031,1.4074,crossroad
001908.png,-0.3,0.2938,0.0031,1.0664,crossroad
001909.png,-0.2999,0.2939,0.0031,0.7228,crossroad
001910.png,-0.2996,0.2941,0.0031,0.3157,crossroad
001911.png,-0.299,0.2942,0.0031,-0.013,crossroad
001912.png,-0.298,0.2941,0.0031,-0.3314,crossroad
001913.png,-0.297,0.2936,0.0031,-0.6435,crossroad
001914.png,-0.296,0.2926,0.0031,-1.0083,crossroad
001915.png,-0.2955,0.2916,0.0031,-1.368,crossroad
001916.png,-0.2955,0.2912,0.0031,-1.6619,crossroad
001917.png,-0.2955,0.2911,0.0031,-1.9543,crossroad
001918.png,-0.2957,0.2908,0.0031,-2.2482,crossroad
001919.png,-0.2961,0.2903,0.0031,-2.5431,crossroad
001920.png,-0.2961,0.2903,0.0031,-2.8392,crossroad
001921.png,-0.2959,0.2903,0.0031,-3.1355,crossroad
001922.png,-0.2959,0.2904,0.0031,2.8481,crossroad
001923.png,-0.2956,0.2902,0.0031,2.5481,crossroad
001924.png,-0.2949,0.2896,0.0031,2.1901,crossroad
001925.png,-0.2947,0.2892,0.0031,1.8908,crossroad
001926.png,-0.2947,0.289,0.0031,1.5306,crossroad
001927.png,-0.2948,0.2885,0.0031,1.2309,crossroad
001928.png,-0.295,0.2879,0.0031,0.9321,crossroad
001929.png,-0.2951,0.2878,0.0031,0.6343,crossroad
001930.png,-0.2948,0.288,0.0031,0.3371,crossroad
001931.png,-0.2942,0.2881,0.0031,0.0432,crossroad
001932.png,-0.2937,0.2881,0.0031,-0.2493,crossroad
001933.png,-0.2942,0.2883,0.0031,-0.539,crossroad
001934.png,-0.2947,0.2887,0.0031,-0.8884,crossroad
001935.png,-0.2949,0.2889,0.0031,-1.1795,crossroad
001936.png,-0.295,0.2896,0.0031,-1.4728,crossroad
001937.png,-0.295,0.2907,0.0031,-1.7691,crossroad
001938.png,-0.2948,0.2914,0.0031,-2.0667,crossroad
001939.png,-0.2946,0.2917,0.0031,-2.3675,crossroad
001940.png,-0.2949,0.2915,0.0031,-2.6681,crossroad
001941.png,-0.2954,0.2913,0.0031,-2.97,crossroad
001942.png,-0.2954,0.2913,0.0031,3.0109,crossroad
001943.png,-0.296,0.2915,0.0031,2.7089,crossroad
001944.png,-0.2965,0.2918,0.0031,2.3523,crossroad
001945.png,-0.2967,0.2921,0.0031,2.0535,crossroad
001946.png,-0.2968,0.2925,0.0031,1.7548,crossroad
001947.png,-0.2969,0.2927,0.0031,1.4563,crossroad
001948.png,-0.297,0.2922,0.0031,1.1571,crossroad
001949.png,-0.2993,0.2885,0.0031,0.8602,crossroad
001950.png,-0.3056,0.2828,0.0031,0.5639,crossroad
001951.png,-0.3156,0.2781,0.0031,0.2638,crossroad
001952.png,-0.2984,0.3225,0.0031,1.5335,crossroad
001953.png,-0.3001,0.3114,0.0031,1.2399,crossroad
001954.png,-0.3053,0.3008,0.0031,0.9411,crossroad
001955.png,-0.3134,0.2921,0.0031,0.6426,crossroad
001956.png,-0.3233,0.2864,0.0031,0.3449,crossroad
001957.png,-0.3237,0.2862,0.0031,0.3372,crossroad
001958.png,-0.3244,0.286,0.0031,0.3247,crossroad
001959.png,-0.3249,0.2858,0.0031,0.3157,crossroad
001960.png,-0.3254,0.2856,0.0031,0.3068,crossroad
001961.png,-0.3256,0.2856,0.0031,0.2954,crossroad
001962.png,-0.3244,0.2859,0.0031,0.2663,crossroad
001963.png,-0.3221,0.2865,0.0031,0.1844,crossroad
001964.png,-0.3198,0.2868,0.0031,0.031,crossroad
001965.png,-0.317,0.2866,0.0031,-0.197,crossroad
001966.png,-0.3149,0.286,0.0031,-0.486,crossroad
001967.png,-0.3132,0.2847,0.0031,-0.8083,crossroad
001968.png,-0.3121,0.2833,0.0031,-1.2132,crossroad
001969.png,-0.312,0.2826,0.0031,-1.5531,crossroad
001970.png,-0.312,0.2824,0.0031,-1.8828,crossroad
001971.png,-0.312,0.2822,0.0031,-2.204,crossroad
001972.png,-0.3123,0.282,0.0031,-2.5162,crossroad
001973.png,-0.3131,0.2815,0.0031,-2.8222,crossroad
001974.png,-0.314,0.2814,0.0031,-3.1261,crossroad
001975.png,-0.3147,0.2814,0.0031,2.8564,crossroad
001976.png,-0.315,0.2816,0.0031,2.558,crossroad
001977.png,-0.3154,0.2819,0.0031,2.2615,crossroad
001978.png,-0.3159,0.2828,0.0031,1.9065,crossroad
001979.png,-0.3161,0.2836,0.0031,1.6095,crossroad
001980.png,-0.316,0.2844,0.0031,1.3135,crossroad
001981.png,-0.316,0.2845,0.0031,0.9586,crossroad
001982.png,-0.3159,0.2846,0.0031,0.6617,crossroad
001983.png,-0.3159,0.2846,0.0031,0.36,crossroad
001984.png,-0.3162,0.2845,0.0031,0.0581,crossroad
001985.png,-0.3171,0.2846,0.0031,-0.245,crossroad
001986.png,-0.3183,0.2851,0.0031,-0.5476,crossroad
001987.png,-0.319,0.2856,0.0031,-0.847,crossroad
001988.png,-0.3195,0.2864,0.0031,-1.1414,crossroad
001989.png,-0.3196,0.2866,0.0031,-1.4337,crossroad
001990.png,-0.3196,0.2869,0.0031,-1.7242,crossroad
001991.png,-0.3195,0.2872,0.0031,-2.0147,crossroad
001992.png,-0.3197,0.287,0.0031,-2.3083,crossroad
001993.png,-0.3199,0.2868,0.0031,-2.6065,crossroad
001994.png,-0.3199,0.2868,0.0031,-2.9019,crossroad
001995.png,-0.3194,0.2868,0.0031,3.0848,crossroad
001996.png,-0.3185,0.2866,0.0031,2.7871,crossroad
001997.png,-0.3173,0.286,0.0031,2.4924,crossroad
001998.png,-0.3166,0.2853,0.0031,2.1376,crossroad
001999.png,-0.3164,0.2849,0.0031,1.8378,crossroad
002000.png,-0.3163,0.2848,0.0031,1.5408,crossroad
002001.png,-0.3163,0.2848,0.0031,1.3602,crossroad
002002.png,-0.3163,0.285,0.0031,1.3532,crossroad
002003.png,-0.3163,0.2852,0.0031,1.3463,crossroad
002004.png,-0.3162,0.2854,0.0031,1.3394,crossroad
002005.png,-0.3162,0.2855,0.0031,1.3325,crossroad
002006.png,-0.3161,0.2857,0.0031,1.3256,crossroad
002007.png,-0.3161,0.2859,0.0031,1.3173,crossroad
002008.png,-0.316,0.2861,0.0031,1.309,crossroad
002009.png,-0.316,0.2863,0.0031,1.3021,crossroad
002010.png,-0.3159,0.2864,0.0031,1.2951,crossroad
002011.png,-0.3159,0.2866,0.0031,1.2882,crossroad
002012.png,-0.3158,0.2868,0.0031,1.2813,crossroad
002013.png,-0.3158,0.2869,0.0031,1.2744,crossroad
002014.png,-0.3157,0.2871,0.0031,1.2675,crossroad
002015.png,-0.3157,0.2873,0.0031,1.2606,crossroad
002016.png,-0.3156,0.2874,0.0031,1.2537,crossroad
002017.png,-0.3156,0.2876,0.0031,1.2467,crossroad
002018.png,-0.3155,0.2878,0.0031,1.2371,crossroad
002019.png,-0.3154,0.288,0.0031,1.2301,crossroad
002020.png,-0.3154,0.2882,0.0031,1.2232,crossroad
002021.png,-0.3153,0.2883,0.0031,1.2163,crossroad
002022.png,-0.3153,0.2885,0.0031,1.2094,crossroad
002023.png,-0.3152,0.2887,0.0031,1.2025,crossroad
002024.png,-0.3151,0.2888,0.0031,1.1956,crossroad
002025.png,-0.3151,0.289,0.0031,1.1887,crossroad
002026.png,-0.315,0.2891,0.0031,1.1818,crossroad
002027.png,-0.3149,0.2893,0.0031,1.1748,crossroad
002028.png,-0.3149,0.2895,0.0031,1.1679,crossroad
002029.png,-0.3148,0.2896,0.0031,1.161,crossroad
002030.png,-0.3147,0.2898,0.0031,1.1541,crossroad
002031.png,-0.3147,0.2899,0.0031,1.1472,crossroad
002032.png,-0.3146,0.2901,0.0031,1.1403,crossroad
002033.png,-0.3145,0.2903,0.0031,1.1334,crossroad
002034.png,-0.3144,0.2904,0.0031,1.1264,crossroad
002035.png,-0.3144,0.2906,0.0031,1.1195,crossroad
002036.png,-0.3143,0.2907,0.0031,1.1126,crossroad
002037.png,-0.3142,0.2909,0.0031,1.1057,crossroad
002038.png,-0.3141,0.2911,0.0031,1.0974,crossroad
002039.png,-0.314,0.2912,0.0031,1.0905,crossroad
002040.png,-0.314,0.2914,0.0031,1.0836,crossroad
002041.png,-0.3139,0.2915,0.0031,1.0767,crossroad
002042.png,-0.3138,0.2917,0.0031,1.0698,crossroad
002043.png,-0.3137,0.2918,0.0031,1.0628,crossroad
002044.png,-0.3136,0.292,0.0031,1.0559,crossroad
002045.png,-0.3135,0.2921,0.0031,1.049,crossroad
002046.png,-0.3135,0.2923,0.0031,1.0421,crossroad
002047.png,-0.3134,0.2924,0.0031,1.0352,crossroad
002048.png,-0.3079,-1.4726,0.0031,-2.304,t_junction
002049.png,-0.3089,-1.4737,0.0031,-2.312,t_junction
002050.png,-0.309,-1.4738,0.0031,-2.3118,t_junction
002051.png,-0.3092,-1.474,0.0031,-2.3009,t_junction
002052.png,-0.3103,-1.4754,0.0031,-2.2389,t_junction
002053.png,-0.3117,-1.4773,0.0031,-2.1165,t_junction
002054.png,-0.3128,-1.4794,0.0031,-1.9371,t_junction
002055.png,-0.3135,-1.4819,0.0031,-1.7076,t_junction
002056.png,-0.3136,-1.4837,0.0031,-1.4394,t_junction
002057.png,-0.3131,-1.4854,0.0031,-1.1375,t_junction
002058.png,-0.3121,-1.487,0.0031,-0.8105,t_junction
002059.png,-0.3107,-1.4881,0.0031,-0.4088,t_junction
002060.png,-0.3095,-1.4885,0.0031,-0.0775,t_junction
002061.png,-0.3085,-1.4884,0.0031,0.2476,t_junction
002062.png,-0.3079,-1.4882,0.0031,0.5652,t_junction
002063.png,-0.3073,-1.4877,0.0031,0.8742,t_junction
002064.png,-0.3068,-1.4869,0.0031,1.1822,t_junction
002065.png,-0.3066,-1.486,0.0031,1.485,t_junction
002066.png,-0.3066,-1.4852,0.0031,1.7832,t_junction
002067.png,-0.3068,-1.4846,0.0031,2.0765,t_junction
002068.png,-0.307,-1.4843,0.0031,2.3654,t_junction
002069.png,-0.3073,-1.4841,0.0031,2.7109,t_junction
002070.png,-0.307,-1.4842,0.0031,2.9981,t_junction
002071.png,-0.3063,-1.4842,0.0031,-2.9963,t_junction
002072.png,-0.3054,-1.484,0.0031,-2.702,t_junction
002073.png,-0.3042,-1.4832,0.0031,-2.4064,t_junction
002074.png,-0.3032,-1.482,0.0031,-2.1101,t_junction
002075.png,-0.3031,-1.4819,0.0031,-1.8141,t_junction
002076.png,-0.3031,-1.482,0.0031,-1.5185,t_junction
002077.png,-0.3031,-1.4819,0.0031,-1.2218,t_junction
002078.png,-0.3033,-1.4815,0.0031,-0.9255,t_junction
002079.png,-0.3038,-1.4811,0.0031,-0.5105,t_junction
002080.png,-0.3039,-1.481,0.0031,-0.2129,t_junction
002081.png,-0.304,-1.481,0.0031,0.0827,t_junction
002082.png,-0.3039,-1.481,0.0031,0.3798,t_junction
002083.png,-0.304,-1.481,0.0031,0.678,t_junction
002084.png,-0.3041,-1.4811,0.0031,0.9775,t_junction
002085.png,-0.3038,-1.4806,0.0031,1.2804,t_junction
002086.png,-0.3036,-1.479,0.0031,1.5818,t_junction
002087.png,-0.3038,-1.4771,0.0031,1.883,t_junction
002088.png,-0.3042,-1.4761,0.0031,2.1829,t_junction
002089.png,-0.3044,-1.4758,0.0031,2.4224,t_junction
002090.png,-0.3042,-1.476,0.0031,2.4314,t_junction
002091.png,-0.304,-1.4762,0.0031,2.4403,t_junction
002092.png,-0.3038,-1.4764,0.0031,2.4493,t_junction
002093.png,-0.3036,-1.4765,0.0031,2.4582,t_junction
002094.png,-0.3034,-1.4767,0.0031,2.4672,t_junction
002095.png,-0.3032,-1.4769,0.0031,2.4761,t_junction
002096.png,-0.3029,-1.4771,0.0031,2.4851,t_junction
002097.png,-0.3027,-1.4772,0.0031,2.494,t_junction
002098.png,-0.3025,-1.4774,0.0031,2.503,t_junction
002099.png,-0.3022,-1.4776,0.0031,2.5137,t_junction
